Start;End;Sleep Quality;Regularity;Mood;Heart rate (bpm);Steps;Alarm mode;Air Pressure (Pa);City;Movements per hour;Time in bed (seconds);Time asleep (seconds);Time before sleep (seconds);Window start;Window stop;Did snore;Snore time;Weather temperature (Â°F);Weather type;Notes
2017-10-08 23:51:57;2017-10-09 07:35:15;79%;0%;;0;0;Normal;101.1;;12.9;27798.0;23628.3;4169.7;2017-10-09 07:05:00;2017-10-09 07:35:00;true;404.0;32.0;No weather;
2017-10-10 01:21:58;2017-10-10 07:35:07;72%;0%;;0;0;Normal;101.0;;1.8;22389.2;19926.4;2462.8;2017-10-10 07:05:00;2017-10-10 07:35:00;true;0.0;32.0;No weather;
2017-10-11 01:23:06;2017-10-11 07:19:05;61%;98%;;0;0;Normal;101.5;;6.9;21359.3;20932.1;427.2;2017-10-11 06:55:00;2017-10-11 07:25:00;true;0.0;32.0;No weather;
2017-10-12 01:48:52;2017-10-12 07:27:12;49%;96%;;0;0;Normal;101.7;;17.6;20300.0;18405.3;1894.7;2017-10-12 06:55:00;2017-10-12 07:25:00;true;788.0;32.0;No weather;
2017-10-13 00:29:20;2017-10-13 07:21:57;78%;94%;;0;0;Normal;102.5;;3.1;24757.2;24262.1;495.1;2017-10-13 06:50:00;2017-10-13 07:20:00;true;0.0;32.0;No weather;
2017-10-16 00:11:58;2017-10-16 07:20:15;78%;97%;;0;0;Normal;100.5;;4.5;25697.6;25183.7;514.0;2017-10-16 06:55:00;2017-10-16 07:25:00;true;0.0;32.0;No weather;
2017-10-16 23:59:34;2017-10-17 07:33:26;57%;96%;;0;0;Normal;101.9;;47.2;27231.6;25597.7;907.7;2017-10-17 07:10:00;2017-10-17 07:40:00;true;5828.0;32.0;No weather;
2017-10-18 01:22:16;2017-10-18 07:45:23;62%;92%;;0;0;Normal;102.2;;21.2;22987.0;22527.3;459.7;2017-10-18 07:20:00;2017-10-18 07:50:00;true;2067.0;32.0;No weather;
2017-10-19 00:45:41;2017-10-19 07:26:47;74%;92%;;0;0;Normal;102.1;;4.3;24066.0;20055.0;4011.0;2017-10-19 07:15:00;2017-10-19 07:45:00;true;224.0;32.0;No weather;
2017-10-25 01:09:58;2017-10-25 07:23:39;57%;0%;;0;0;Normal;100.2;;27.2;22420.9;19356.7;1420.0;2017-10-25 07:15:00;2017-10-25 07:45:00;true;3496.0;32.0;No weather;
2017-10-26 00:48:32;2017-10-26 07:27:25;48%;96%;;0;0;Normal;100.1;;78.0;23933.1;20343.2;3590.0;2017-10-26 07:25:00;2017-10-26 07:40:00;true;2294.0;32.0;No weather;
2017-10-27 00:45:39;2017-10-27 07:43:09;66%;97%;;0;0;Normal;100.9;;36.4;25049.5;23880.5;1169.0;2017-10-27 07:30:00;2017-10-27 07:45:00;true;5707.0;32.0;No weather;
2017-10-30 00:48:03;2017-10-30 07:38:37;55%;99%;;0;0;Normal;97.6;;69.5;24634.1;21267.5;2627.6;2017-10-30 07:30:00;2017-10-30 07:45:00;true;5534.0;32.0;No weather;
2017-11-01 00:41:04;2017-11-01 07:33:11;60%;98%;;0;0;Normal;101.9;;61.8;24727.1;20441.1;2884.8;2017-11-01 07:30:00;2017-11-01 07:45:00;true;2032.0;32.0;No weather;
2017-11-06 00:29:16;2017-11-06 07:42:42;60%;0%;;0;0;Normal;101.1;;77.4;26005.9;20978.1;4074.3;2017-11-06 07:30:00;2017-11-06 07:45:00;true;4344.0;32.0;No weather;
2017-11-07 00:42:53;2017-11-07 07:41:21;62%;93%;;0;0;Normal;101.5;;66.7;25108.4;20505.2;1590.2;2017-11-07 07:30:00;2017-11-07 07:45:00;true;5162.0;32.0;No weather;
2017-11-08 00:16:19;2017-11-08 07:34:07;60%;94%;;0;0;Normal;101.7;;88.1;26268.0;20401.5;525.4;2017-11-08 07:30:00;2017-11-08 07:45:00;true;7812.0;32.0;No weather;
2017-11-09 00:53:36;2017-11-09 07:43:54;59%;94%;;0;0;Normal;101.8;;83.0;24617.2;21499.0;492.3;2017-11-09 07:30:00;2017-11-09 07:45:00;true;9806.0;32.0;No weather;
2017-11-10 00:43:01;2017-11-10 07:38:42;0%;96%;;0;0;Normal;100.9;;0.0;0.0;19786.5;1496.5;2017-11-10 07:35:00;2017-11-10 07:50:00;true;4886.0;32.0;No weather;
2017-11-13 01:05:00;2017-11-13 04:03:01;0%;67%;;0;0;Normal;102.3;;0.0;0.0;8295.7;213.6;2017-11-13 07:30:00;2017-11-13 07:45:00;false;0.0;32.0;No weather;
2017-11-14 00:42:00;2017-11-14 07:39:39;67%;67%;;0;0;Normal;102.1;;55.7;25059.1;20381.4;2505.9;2017-11-14 07:30:00;2017-11-14 07:45:00;true;3870.0;32.0;No weather;
2017-11-15 00:40:44;2017-11-15 07:28:18;67%;82%;;0;0;Normal;102.1;;50.6;24454.0;21682.6;489.1;2017-11-15 07:30:00;2017-11-15 07:45:00;true;4387.0;32.0;No weather;
2017-11-16 00:16:51;2017-11-16 07:33:59;57%;87%;;0;0;Normal;101.1;;108.1;26228.4;21507.3;1049.1;2017-11-16 07:30:00;2017-11-16 07:45:00;true;3835.0;32.0;No weather;
2017-11-18 02:58:49;2017-11-18 08:34:13;56%;83%;;0;0;Normal;94.0;;51.4;20124.4;16636.2;1945.4;2017-11-18 08:30:00;2017-11-18 08:45:00;true;7800.0;32.0;No weather;
2017-11-20 00:33:57;2017-11-20 07:49:23;70%;74%;;0;0;Normal;100.5;;60.4;26125.2;23512.7;870.8;2017-11-20 07:35:00;2017-11-20 07:50:00;true;6019.0;32.0;No weather;
2017-11-21 00:40:17;2017-11-21 08:15:50;71%;85%;;0;0;Normal;101.5;;68.9;27332.5;22868.2;2824.4;2017-11-21 08:10:00;2017-11-21 08:25:00;true;5542.0;32.0;No weather;
2017-11-22 00:44:16;2017-11-22 07:23:09;0%;94%;;0;0;Normal;101.0;;0.0;0.0;18109.1;2153.9;2017-11-22 07:20:00;2017-11-22 07:35:00;true;4960.0;32.0;No weather;
2018-01-15 23:22:54;2018-01-16 07:23:39;72%;0%;;0;0;Normal;103.0;;156.8;28844.7;26825.6;2019.1;2018-01-16 07:15:00;2018-01-16 07:30:00;true;3850.0;32.0;No weather;
2018-01-17 22:48:08;2018-01-18 07:09:08;0%;93%;;0;0;Normal;102.1;;0.0;0.0;25050.0;2104.2;2018-01-18 07:50:00;2018-01-18 08:05:00;false;0.0;32.0;No weather;
2018-01-21 23:57:15;2018-01-22 07:55:18;74%;0%;;0;0;Normal;101.8;;118.4;28682.8;24476.0;2772.7;2018-01-22 07:45:00;2018-01-22 08:00:00;true;2638.0;32.0;No weather;
2018-06-24 23:56:58;2018-06-25 00:36:58;0%;0%;;0;0;Normal;100.9;;0.0;0.0;384.1;48.0;2018-06-25 07:50:00;2018-06-25 08:05:00;false;0.0;32.0;No weather;
2018-07-30 23:01:53;2018-07-31 06:57:55;77%;0%;;0;0;Normal;101.8;;61.5;28562.9;22183.8;4094.0;2018-07-31 07:00:00;2018-07-31 07:15:00;true;1930.0;32.0;No weather;
2018-07-31 23:13:52;2018-08-01 06:57:42;76%;98%;;0;0;Normal;101.0;;100.3;27829.4;25510.3;556.6;2018-08-01 06:50:00;2018-08-01 07:05:00;true;2434.0;32.0;No weather;
2018-08-01 22:49:54;2018-08-02 07:01:34;76%;97%;;0;0;Normal;101.5;;122.7;29499.2;25565.9;2851.6;2018-08-02 07:00:00;2018-08-02 07:15:00;true;1093.0;32.0;No weather;
2018-08-02 22:54:50;2018-08-03 07:13:48;80%;97%;;0;0;Normal;101.8;;115.0;29937.6;22752.6;2095.6;2018-08-03 07:00:00;2018-08-03 07:15:00;true;3467.0;32.0;No weather;
2018-08-05 23:08:53;2018-08-06 07:06:29;76%;97%;;0;0;Normal;101.8;;128.8;28656.0;25121.7;1528.3;2018-08-06 07:00:00;2018-08-06 07:15:00;true;1934.0;32.0;No weather;
2018-08-06 22:52:49;2018-08-07 06:53:41;83%;96%;;0;0;Normal;101.5;;108.6;28852.2;24620.5;1346.4;2018-08-07 07:00:00;2018-08-07 07:15:00;true;2861.0;32.0;No weather;
2018-08-07 23:06:58;2018-08-08 07:03:52;79%;96%;;0;0;Normal;100.5;;119.1;28613.9;26706.3;1907.6;2018-08-08 06:50:00;2018-08-08 07:05:00;true;4459.0;32.0;No weather;
2018-08-08 22:47:27;2018-08-09 07:00:24;81%;96%;;0;0;Normal;100.8;;123.4;29577.5;27605.7;1971.8;2018-08-09 07:00:00;2018-08-09 07:15:00;true;2168.0;32.0;No weather;
2018-08-09 22:56:53;2018-08-10 06:56:34;85%;97%;;0;0;Normal;100.9;;109.5;28781.6;24272.5;1822.8;2018-08-10 07:00:00;2018-08-10 07:15:00;true;1701.0;32.0;No weather;
2018-08-12 22:44:47;2018-08-13 07:08:58;78%;97%;;0;0;Normal;101.6;;134.9;30251.1;26721.8;1714.2;2018-08-13 07:05:00;2018-08-13 07:20:00;true;1896.0;32.0;No weather;
2018-08-13 22:55:28;2018-08-14 07:04:53;80%;98%;;0;0;Normal;101.1;;125.6;29365.2;25743.5;2251.3;2018-08-14 07:05:00;2018-08-14 07:20:00;true;2714.0;32.0;No weather;
2018-08-14 22:45:00;2018-08-15 07:03:46;82%;98%;;0;0;Normal;100.3;;125.5;29925.6;23042.7;3192.1;2018-08-15 06:50:00;2018-08-15 07:05:00;true;3559.0;32.0;No weather;
2018-08-15 22:49:49;2018-08-16 06:49:59;76%;98%;;0;0;Normal;101.3;;132.2;28809.6;25832.6;1344.4;2018-08-16 07:00:00;2018-08-16 07:15:00;true;3410.0;32.0;No weather;
2018-08-16 22:58:12;2018-08-17 07:14:41;89%;97%;;0;0;Normal;101.7;;111.5;29788.7;27504.9;2283.8;2018-08-17 07:00:00;2018-08-17 07:15:00;true;4901.0;32.0;No weather;
2018-08-20 22:46:03;2018-08-21 07:02:08;95%;0%;;0;0;Normal;101.9;;97.0;29764.8;24804.0;3373.3;2018-08-21 07:00:00;2018-08-21 07:15:00;true;2702.0;32.0;No weather;
2018-08-22 22:58:57;2018-08-23 07:19:05;85%;96%;;0;0;Normal;100.8;;118.5;30008.2;27407.5;2600.7;2018-08-23 07:05:00;2018-08-23 07:20:00;true;1485.0;32.0;No weather;
2018-08-25 00:53:57;2018-08-25 08:37:48;99%;73%;;0;0;Normal;102.1;;51.0;27830.3;23377.4;1577.0;2018-08-25 09:05:00;2018-08-25 09:20:00;true;300.0;32.0;No weather;
2018-08-29 23:05:27;2018-08-30 07:08:28;69%;0%;;0;0;Normal;101.3;;149.8;28981.9;25214.2;1545.7;2018-08-30 07:05:00;2018-08-30 07:20:00;true;2635.0;32.0;No weather;
2018-08-30 22:59:30;2018-08-31 06:41:30;77%;95%;;0;0;Normal;101.8;;120.2;27720.2;20790.1;554.4;2018-08-31 07:05:00;2018-08-31 07:20:00;false;0.0;32.0;No weather;
2018-09-03 22:55:53;2018-09-04 06:58:45;99%;0%;;0;0;Normal;102.1;;71.1;28972.0;22984.5;3862.9;2018-09-04 07:00:00;2018-09-04 07:15:00;true;1825.0;32.0;No weather;
2018-09-04 23:00:45;2018-09-05 07:08:29;82%;98%;;0;0;Normal;101.4;;119.2;29264.8;24484.9;2048.5;2018-09-05 07:00:00;2018-09-05 07:15:00;true;1542.0;32.0;No weather;
2018-09-05 22:54:07;2018-09-06 07:19:08;86%;98%;;0;0;Normal;102.1;;116.2;30300.7;28381.7;1919.0;2018-09-06 07:05:00;2018-09-06 07:20:00;true;4569.0;32.0;No weather;
2018-09-11 23:37:25;2018-09-12 07:16:35;0%;0%;;0;0;Normal;101.3;;0.0;0.0;23049.9;3673.3;2018-09-12 07:15:00;2018-09-12 07:30:00;false;0.0;32.0;No weather;
2019-03-31 22:35:28;2019-04-01 06:56:24;92%;0%;;0;0;Normal;100.4;;98.9;30056.3;22943.0;6311.8;2019-04-01 06:55:00;2019-04-01 07:10:00;true;2014.0;32.0;No weather;
2019-04-02 22:44:57;2019-04-03 06:52:58;0%;98%;;0;0;Normal;101.7;;0.0;0.0;24302.7;4977.7;2019-04-03 06:55:00;2019-04-03 07:10:00;false;0.0;32.0;No weather;
2019-04-03 22:46:05;2019-04-04 06:55:49;90%;99%;;0;0;Normal;101.4;;98.2;29384.0;25466.2;2938.4;2019-04-04 06:55:00;2019-04-04 07:10:00;true;7902.0;32.0;No weather;
2019-04-07 22:34:56;2019-04-08 06:47:57;95%;0%;;0;0;Normal;101.0;;86.8;29581.1;28989.5;591.6;2019-04-08 06:55:00;2019-04-08 07:10:00;false;0.0;32.0;No weather;
2019-04-08 22:14:05;2019-04-09 06:47:22;93%;97%;;0;0;Normal;99.8;;100.0;30797.3;27717.6;2258.5;2019-04-09 06:50:00;2019-04-09 07:05:00;true;4419.0;32.0;No weather;
2019-04-09 22:39:04;2019-04-10 06:56:48;94%;96%;;0;0;Normal;100.3;;91.0;29864.0;26180.7;1592.7;2019-04-10 06:50:00;2019-04-10 07:05:00;true;2365.0;32.0;No weather;
2019-04-10 22:51:17;2019-04-11 06:43:09;90%;96%;;0;0;Normal;100.8;;87.6;28311.5;23970.4;4341.1;2019-04-11 06:35:00;2019-04-11 06:50:00;true;3966.0;32.0;No weather;
2019-04-11 23:01:36;2019-04-12 06:52:20;71%;96%;;0;0;Normal;102.3;;134.8;28243.2;26172.0;2071.2;2019-04-12 06:40:00;2019-04-12 06:55:00;true;4359.0;32.0;No weather;
2019-04-14 22:57:13;2019-04-15 06:37:32;87%;97%;;0;0;Normal;99.1;;89.8;27618.3;24304.1;2485.6;2019-04-15 06:30:00;2019-04-15 06:45:00;true;2646.0;32.0;No weather;
2019-04-15 22:36:20;2019-04-16 06:48:52;94%;96%;;0;0;Normal;100.1;;86.7;29551.7;27187.5;2364.1;2019-04-16 06:35:00;2019-04-16 06:50:00;true;8263.0;32.0;No weather;
2019-04-16 23:12:19;2019-04-17 06:47:30;79%;95%;;0;0;Normal;101.6;;106.9;27311.5;24944.5;2367.0;2019-04-17 06:35:00;2019-04-17 06:50:00;true;7924.0;32.0;No weather;
2019-04-17 22:44:42;2019-04-18 06:37:31;94%;95%;;0;0;Normal;101.3;;78.5;28368.5;24964.3;1985.8;2019-04-18 06:35:00;2019-04-18 06:50:00;true;5949.0;32.0;No weather;
2019-04-18 23:40:51;2019-04-19 06:45:02;89%;94%;;0;0;Normal;100.9;;62.8;25450.5;22650.9;1696.7;2019-04-19 06:40:00;2019-04-19 06:55:00;true;3294.0;32.0;No weather;
2019-04-22 21:59:15;2019-04-23 06:36:42;100%;0%;;0;0;Normal;100.8;;73.1;31047.0;28666.8;2380.3;2019-04-23 06:35:00;2019-04-23 06:50:00;true;4552.0;32.0;No weather;
2019-04-23 22:37:54;2019-04-24 06:44:29;100%;94%;;0;0;Normal;100.6;;61.4;29195.8;25497.7;2141.0;2019-04-24 06:35:00;2019-04-24 06:50:00;true;1590.0;32.0;No weather;
2019-04-24 22:42:50;2019-04-25 06:47:50;0%;96%;;0;0;Normal;100.2;;0.0;0.0;27354.4;1746.0;2019-04-25 06:40:00;2019-04-25 06:55:00;false;0.0;32.0;No weather;
2019-04-25 22:20:48;2019-04-26 06:51:53;90%;96%;;0;0;Normal;100.4;;99.0;30664.5;26269.2;3679.7;2019-04-26 06:40:00;2019-04-26 06:55:00;true;2718.0;32.0;No weather;
2019-04-28 23:12:50;2019-04-29 06:45:44;92%;92%;;0;0;Normal;101.5;;63.2;27173.6;20289.6;4166.6;2019-04-29 06:40:00;2019-04-29 06:55:00;true;2175.0;32.0;No weather;
2019-04-29 22:51:04;2019-04-30 06:49:57;76%;96%;;0;0;Normal;101.5;;121.0;28733.0;24614.6;1053.5;2019-04-30 06:40:00;2019-04-30 06:55:00;true;5568.0;32.0;No weather;
2019-04-30 23:10:36;2019-05-01 06:17:41;0%;95%;;0;0;Normal;102.7;;0.0;0.0;23830.8;1793.7;2019-05-01 06:40:00;2019-05-01 06:55:00;false;0.0;32.0;No weather;
2019-05-01 22:54:22;2019-05-02 06:50:17;85%;94%;;0;0;Normal;101.4;;94.8;28555.0;24081.4;1618.1;2019-05-02 06:40:00;2019-05-02 06:55:00;true;3354.0;32.0;No weather;
2019-05-02 22:52:05;2019-05-03 06:41:44;71%;95%;;0;0;Normal;102.0;;130.1;28179.6;27240.3;939.3;2019-05-03 06:40:00;2019-05-03 06:55:00;true;4833.0;32.0;No weather;
2019-05-05 23:16:27;2019-05-06 06:37:42;87%;96%;;0;0;Normal;100.1;;70.8;26475.1;20650.6;1941.5;2019-05-06 06:35:00;2019-05-06 06:50:00;true;2167.0;32.0;No weather;
2019-05-06 22:39:47;2019-05-07 06:38:29;100%;95%;;0;0;Normal;101.1;;42.5;28722.3;25179.9;2202.0;2019-05-07 06:35:00;2019-05-07 06:50:00;true;4318.0;32.0;No weather;
2019-05-08 22:42:18;2019-05-09 06:37:41;86%;97%;;0;0;Normal;101.5;;89.5;28523.1;26811.7;1711.4;2019-05-09 06:35:00;2019-05-09 06:50:00;true;4651.0;32.0;No weather;
2019-05-09 22:52:26;2019-05-10 06:48:47;80%;98%;;0;0;Normal;102.1;;106.6;28580.1;24388.4;4191.8;2019-05-10 06:35:00;2019-05-10 06:50:00;true;5261.0;32.0;No weather;
2019-05-13 22:49:03;2019-05-14 06:43:18;85%;0%;;0;0;Normal;100.2;;91.1;28454.2;23617.0;1422.7;2019-05-14 06:40:00;2019-05-14 06:55:00;true;6372.0;32.0;No weather;
2019-05-14 23:16:44;2019-05-15 06:50:42;82%;95%;;0;0;Normal;100.9;;91.1;27238.2;23061.6;1815.9;2019-05-15 06:40:00;2019-05-15 06:55:00;true;6948.0;32.0;No weather;
2019-05-15 22:54:29;2019-05-16 06:49:46;83%;96%;;0;0;Normal;100.2;;98.4;28517.1;24429.6;2756.7;2019-05-16 06:40:00;2019-05-16 06:55:00;true;8062.0;32.0;No weather;
2019-05-16 22:57:11;2019-05-17 06:54:11;100%;97%;;0;0;Normal;100.3;;47.9;28619.5;24612.8;2671.2;2019-05-17 06:40:00;2019-05-17 06:55:00;true;4046.0;32.0;No weather;
2019-05-19 23:10:30;2019-05-20 06:42:52;93%;97%;;0;0;Normal;100.5;;54.7;27142.0;20628.0;4071.3;2019-05-20 06:40:00;2019-05-20 06:55:00;true;1134.0;32.0;No weather;
2019-05-20 22:41:17;2019-05-21 06:25:59;93%;94%;;0;0;Normal;99.9;;61.5;27882.5;23978.9;2416.5;2019-05-21 06:25:00;2019-05-21 06:40:00;true;4027.0;32.0;No weather;
2019-05-21 22:55:36;2019-05-22 06:39:46;92%;95%;;0;0;Normal;101.1;;63.6;27850.4;24508.4;2599.4;2019-05-22 06:30:00;2019-05-22 06:45:00;true;1129.0;32.0;No weather;
2019-05-22 23:21:24;2019-05-23 06:42:15;91%;95%;;0;0;Normal;101.4;;50.7;26451.6;24070.9;2380.6;2019-05-23 06:30:00;2019-05-23 06:45:00;true;1464.0;32.0;No weather;
2019-05-23 23:26:21;2019-05-24 06:42:34;91%;97%;;0;0;Normal;100.1;;45.2;26173.5;23207.1;1832.1;2019-05-24 06:40:00;2019-05-24 06:55:00;true;2951.0;32.0;No weather;
2019-05-27 22:57:13;2019-05-28 06:38:23;94%;0%;;0;0;Normal;100.4;;50.4;27670.3;23519.7;4150.5;2019-05-28 06:35:00;2019-05-28 06:50:00;true;2109.0;32.0;No weather;
2019-05-28 23:08:01;2019-05-29 06:37:06;90%;98%;;0;0;Normal;99.6;;52.5;26944.1;22722.8;538.9;2019-05-29 06:35:00;2019-05-29 06:50:00;true;4616.0;32.0;No weather;
2019-05-29 22:54:55;2019-05-30 06:36:55;95%;98%;;0;0;Normal;99.9;;43.3;27720.7;22638.6;3418.9;2019-05-30 06:35:00;2019-05-30 06:50:00;true;2983.0;32.0;No weather;
2019-05-30 23:28:28;2019-05-31 06:34:03;86%;97%;;0;0;Normal;99.7;;49.4;25534.9;23747.5;510.7;2019-05-31 06:35:00;2019-05-31 06:50:00;false;0.0;32.0;No weather;
2019-06-02 23:09:20;2019-06-03 05:26:15;72%;88%;;0;0;Normal;99.9;;65.1;22615.4;17640.0;4146.2;2019-06-03 06:35:00;2019-06-03 06:50:00;true;2107.0;32.0;No weather;
2019-06-03 05:26:25;2019-06-03 06:54:32;19%;0%;;0;0;Normal;100.2;;0.0;5286.6;5180.8;105.7;2019-06-03 06:40:00;2019-06-03 06:55:00;true;0.0;32.0;No weather;
2019-06-03 23:04:50;2019-06-04 06:46:36;95%;88%;;0;0;Normal;100.8;;41.9;27705.6;23272.7;3232.3;2019-06-04 06:40:00;2019-06-04 06:55:00;true;1051.0;32.0;No weather;
2019-06-04 23:24:33;2019-06-05 06:53:18;89%;92%;;0;0;Normal;100.7;;53.0;26924.9;23604.2;1705.2;2019-06-05 06:40:00;2019-06-05 06:55:00;true;1730.0;32.0;No weather;
2019-06-05 23:00:33;2019-06-06 06:42:52;88%;93%;;0;0;Normal;99.8;;62.8;27739.1;22098.8;1756.8;2019-06-06 06:40:00;2019-06-06 06:55:00;true;1433.0;32.0;No weather;
2019-06-06 23:34:10;2019-06-07 06:55:22;88%;95%;;0;0;Normal;100.2;;49.0;26471.3;23471.2;1147.1;2019-06-07 06:40:00;2019-06-07 06:55:00;true;3618.0;32.0;No weather;
2019-06-08 00:49:18;2019-06-08 07:10:25;74%;92%;;0;0;Normal;101.4;;55.2;22866.6;18903.1;1981.8;2019-06-08 07:15:00;2019-06-08 07:30:00;true;2861.0;32.0;No weather;
2019-06-08 07:10:33;2019-06-08 08:04:07;11%;42%;;0;0;Normal;101.7;;0.0;3213.7;3149.4;64.3;2019-06-08 08:15:00;2019-06-08 08:30:00;true;0.0;32.0;No weather;
2019-06-17 22:34:16;2019-06-18 06:23:26;86%;0%;;0;0;Normal;100.7;;71.8;28150.6;23365.0;1782.9;2019-06-18 06:15:00;2019-06-18 06:30:00;true;3152.0;32.0;No weather;
2019-06-18 22:19:19;2019-06-19 06:21:12;88%;98%;;0;0;Normal;100.4;;74.0;28913.8;25058.6;2409.5;2019-06-19 06:15:00;2019-06-19 06:30:00;true;4084.0;32.0;No weather;
2019-06-19 22:46:52;2019-06-20 06:38:06;94%;96%;;0;0;Normal;99.9;;45.6;28274.6;23562.1;2167.7;2019-06-20 06:25:00;2019-06-20 06:40:00;true;1396.0;32.0;No weather;
2019-06-20 22:13:28;2019-06-21 06:34:01;87%;95%;;0;0;Normal;99.6;;85.7;30032.3;27829.9;2202.4;2019-06-21 06:20:00;2019-06-21 06:35:00;true;805.0;32.0;No weather;
2019-06-23 22:35:23;2019-06-24 06:25:11;82%;96%;;0;0;Normal;100.4;;83.9;28187.6;24993.0;2630.8;2019-06-24 06:20:00;2019-06-24 06:35:00;true;1342.0;32.0;No weather;
2019-06-24 22:48:04;2019-06-25 06:39:13;94%;96%;;0;0;Normal;100.1;;44.9;28269.4;24877.1;1884.6;2019-06-25 06:25:00;2019-06-25 06:40:00;true;2692.0;32.0;No weather;
2019-06-25 22:42:22;2019-06-26 06:34:07;82%;97%;;0;0;Normal;100.3;;85.9;28305.2;23493.3;3962.7;2019-06-26 06:25:00;2019-06-26 06:40:00;true;1968.0;32.0;No weather;
2019-06-26 23:09:27;2019-06-27 06:30:44;87%;97%;;0;0;Normal;100.9;;50.2;26476.5;23299.3;1676.8;2019-06-27 06:25:00;2019-06-27 06:40:00;true;748.0;32.0;No weather;
2019-06-27 23:34:56;2019-06-28 06:50:19;69%;96%;;0;0;Normal;101.8;;106.2;26123.0;21420.8;1654.5;2019-06-28 06:35:00;2019-06-28 06:50:00;true;3340.0;32.0;No weather;
2019-06-30 21:54:50;2019-07-01 06:44:07;85%;85%;;0;0;Normal;100.3;;103.0;31757.2;25617.5;6139.7;2019-07-01 06:35:00;2019-07-01 06:50:00;true;371.0;32.0;No weather;
2019-07-01 23:28:58;2019-07-02 06:47:12;80%;86%;;0;0;Normal;101.0;;70.8;26293.9;21035.1;1577.6;2019-07-02 06:35:00;2019-07-02 06:50:00;true;1904.0;32.0;No weather;
2019-07-02 22:53:33;2019-07-03 06:21:33;79%;89%;;0;0;Normal;100.0;;80.7;26880.4;24371.5;1344.0;2019-07-03 06:35:00;2019-07-03 06:50:00;false;0.0;32.0;No weather;
2019-07-07 22:56:31;2019-07-08 06:37:26;83%;0%;;0;0;Normal;100.6;;74.9;27654.6;25073.5;1751.5;2019-07-08 06:35:00;2019-07-08 06:50:00;true;3827.0;32.0;No weather;
2019-07-08 23:23:25;2019-07-09 06:54:04;90%;94%;;0;0;Normal;100.8;;44.1;27039.2;21901.8;2613.8;2019-07-09 06:40:00;2019-07-09 06:55:00;true;3747.0;32.0;No weather;
2019-07-09 22:42:39;2019-07-10 06:42:29;81%;93%;;0;0;Normal;100.9;;91.3;28790.0;24855.4;2687.1;2019-07-10 06:40:00;2019-07-10 06:55:00;true;395.0;32.0;No weather;
2019-07-10 23:06:49;2019-07-11 06:56:16;91%;94%;;0;0;Normal;100.6;;53.8;28166.4;24504.7;2722.7;2019-07-11 06:40:00;2019-07-11 06:55:00;true;1114.0;32.0;No weather;
2019-07-14 22:48:46;2019-07-15 06:40:35;80%;0%;;0;0;Normal;100.7;;89.6;28309.3;24346.0;2359.1;2019-07-15 06:40:00;2019-07-15 06:55:00;true;2298.0;32.0;No weather;
2019-07-15 23:01:28;2019-07-16 06:48:49;95%;97%;;0;0;Normal;100.8;;38.3;28041.6;22713.7;1682.5;2019-07-16 06:40:00;2019-07-16 06:55:00;true;1104.0;32.0;No weather;
2019-07-16 22:56:54;2019-07-17 06:48:56;81%;98%;;0;0;Normal;100.8;;85.7;28321.5;25583.8;1510.5;2019-07-17 06:40:00;2019-07-17 06:55:00;true;1410.0;32.0;No weather;
2019-07-17 22:51:31;2019-07-18 06:45:20;93%;98%;;0;0;Normal;100.4;;48.5;28428.8;25206.9;1800.5;2019-07-18 06:40:00;2019-07-18 06:55:00;true;711.0;32.0;No weather;
2019-07-18 23:43:53;2019-07-19 06:47:36;62%;97%;;0;0;Normal;101.1;;122.4;25423.1;23897.7;169.5;2019-07-19 06:40:00;2019-07-19 06:55:00;true;725.0;32.0;No weather;
2019-07-19 22:26:28;2019-07-20 04:44:17;81%;88%;;0;0;Normal;100.9;;3.5;22668.6;22517.4;151.1;2019-07-20 04:30:00;2019-07-20 04:45:00;true;0.0;32.0;No weather;
2019-07-20 23:57:24;2019-07-21 08:14:12;93%;74%;;0;0;Normal;101.0;;61.1;29808.3;24641.5;3775.7;2019-07-21 08:50:00;2019-07-21 09:00:00;true;643.0;32.0;No weather;
2019-07-22 03:20:14;2019-07-22 11:08:39;94%;59%;;0;0;Normal;85.7;;40.1;28104.8;25294.3;187.4;2019-07-22 11:30:00;2019-07-22 11:40:00;true;1146.0;32.0;No weather;
2019-07-23 03:08:14;2019-07-23 11:39:45;100%;67%;;0;0;Normal;100.7;;21.9;30690.5;26496.1;4194.4;2019-07-23 11:30:00;2019-07-23 11:40:00;true;0.0;32.0;No weather;
2019-07-24 00:49:51;2019-07-24 09:22:35;100%;68%;;0;0;Normal;101.0;;12.0;30764.1;27892.8;2050.9;2019-07-24 09:30:00;2019-07-24 09:40:00;true;0.0;32.0;No weather;
2019-07-25 02:39:18;2019-07-25 10:51:11;100%;76%;;0;0;Normal;100.9;;13.7;29513.2;25479.7;4033.5;2019-07-25 10:40:00;2019-07-25 10:50:00;true;0.0;32.0;No weather;
2019-07-28 22:36:29;2019-07-29 06:49:29;85%;0%;;0;0;Normal;100.8;;79.1;29580.1;25734.7;2563.6;2019-07-29 06:40:00;2019-07-29 06:50:00;true;1329.0;32.0;No weather;
2019-07-29 23:21:54;2019-07-29 23:50:54;0%;0%;;0;0;Normal;100.6;;0.0;0.0;1705.5;34.8;2019-07-30 06:35:00;2019-07-30 06:45:00;false;0.0;32.0;No weather;
2019-07-29 23:51:39;2019-07-30 06:37:50;77%;88%;;0;0;Normal;100.6;;54.6;24371.0;22665.1;1706.0;2019-07-30 06:35:00;2019-07-30 06:45:00;true;133.0;32.0;No weather;
2019-07-30 22:24:15;2019-07-31 06:45:08;83%;87%;;0;0;Normal;100.7;;90.4;30053.5;23441.8;3105.5;2019-07-31 06:35:00;2019-07-31 06:45:00;true;345.0;32.0;No weather;
2019-07-31 23:19:59;2019-08-01 06:55:39;89%;89%;;0;0;Normal;100.8;;43.0;27340.0;22418.8;3098.5;2019-08-01 06:45:00;2019-08-01 06:55:00;true;3334.0;32.0;No weather;
2019-08-04 22:18:05;2019-08-05 06:50:46;81%;0%;;0;0;Normal;100.5;;104.0;30761.1;26352.0;3691.3;2019-08-05 06:40:00;2019-08-05 06:50:00;true;1059.0;32.0;No weather;
2019-08-05 23:09:19;2019-08-06 06:47:48;92%;92%;;0;0;Normal;100.5;;33.8;27509.1;22740.9;2659.2;2019-08-06 06:40:00;2019-08-06 06:50:00;true;1309.0;32.0;No weather;
2019-08-06 22:20:59;2019-08-07 06:57:33;81%;92%;;0;0;Normal;100.2;;105.1;30994.1;27274.8;2996.1;2019-08-07 06:50:00;2019-08-07 07:00:00;true;148.0;32.0;No weather;
2019-08-07 23:10:00;2019-08-08 06:45:15;92%;92%;;0;0;Normal;99.9;;31.9;27315.3;23582.2;2913.6;2019-08-08 06:35:00;2019-08-08 06:45:00;true;979.0;32.0;No weather;
2019-08-08 23:12:40;2019-08-09 06:45:25;88%;94%;;0;0;Normal;99.8;;42.5;27165.3;22728.3;2444.9;2019-08-09 06:35:00;2019-08-09 06:45:00;true;1578.0;32.0;No weather;
2019-08-11 22:29:42;2019-08-12 06:36:45;79%;93%;;0;0;Normal;100.7;;95.5;29222.7;24060.1;4480.8;2019-08-12 06:35:00;2019-08-12 06:45:00;true;798.0;32.0;No weather;
2019-08-12 22:57:19;2019-08-13 06:47:45;92%;95%;;0;0;Normal;100.3;;43.1;28225.5;28037.4;188.2;2019-08-13 06:40:00;2019-08-13 06:50:00;true;0.0;32.0;No weather;
2019-08-13 22:17:30;2019-08-14 06:49:52;89%;94%;;0;0;Normal;100.0;;76.5;30741.9;28487.5;2254.4;2019-08-14 06:40:00;2019-08-14 06:50:00;true;651.0;32.0;No weather;
2019-08-14 23:07:41;2019-08-15 06:50:18;90%;94%;;0;0;Normal;100.5;;44.5;27757.5;24981.8;1387.9;2019-08-15 06:40:00;2019-08-15 06:50:00;true;69.0;32.0;No weather;
2019-08-18 22:41:07;2019-08-19 06:40:08;83%;0%;;0;0;Normal;100.7;;78.6;28740.6;23758.9;1341.2;2019-08-19 06:40:00;2019-08-19 06:50:00;true;649.0;32.0;No weather;
2019-08-19 22:23:37;2019-08-20 06:33:43;82%;97%;;0;0;Normal;100.8;;87.7;29405.7;25092.9;3626.7;2019-08-20 06:40:00;2019-08-20 06:50:00;true;691.0;32.0;No weather;
2019-08-20 22:59:43;2019-08-21 06:47:36;93%;95%;;0;0;Normal;100.8;;34.5;28073.3;25733.8;1497.2;2019-08-21 06:40:00;2019-08-21 06:50:00;true;309.0;32.0;No weather;
2019-08-21 22:44:43;2019-08-22 06:44:10;77%;96%;;0;0;Normal;100.3;;98.6;28767.4;25123.5;3643.9;2019-08-22 06:40:00;2019-08-22 06:50:00;true;174.0;32.0;No weather;
2019-08-22 23:05:25;2019-08-23 07:38:15;100%;93%;;0;0;Normal;100.5;;35.1;30769.6;29231.1;923.1;2019-08-23 07:35:00;2019-08-23 07:45:00;true;1203.0;32.0;No weather;
2019-08-25 22:32:25;2019-08-26 06:49:23;77%;89%;;0;0;Normal;101.4;;106.9;29819.0;25047.9;3876.5;2019-08-26 06:40:00;2019-08-26 06:50:00;true;1120.0;32.0;No weather;
2019-08-26 22:22:48;2019-08-27 06:45:43;77%;98%;;0;0;Normal;101.2;;109.9;30174.4;27559.3;1508.7;2019-08-27 06:40:00;2019-08-27 06:50:00;true;2476.0;32.0;No weather;
2019-08-27 23:06:01;2019-08-28 06:42:32;87%;96%;;0;0;Normal;100.8;;48.8;27391.1;25017.2;1004.3;2019-08-28 06:40:00;2019-08-28 06:50:00;true;306.0;32.0;No weather;
2019-08-28 22:53:49;2019-08-29 06:50:19;78%;96%;;0;0;Normal;100.1;;93.0;28590.0;24301.5;1906.0;2019-08-29 06:40:00;2019-08-29 06:50:00;true;620.0;32.0;No weather;
2019-09-02 21:50:26;2019-09-03 06:44:28;82%;0%;;0;0;Normal;100.6;;110.0;32042.6;28197.5;213.6;2019-09-03 06:40:00;2019-09-03 06:50:00;true;166.0;32.0;No weather;
2019-09-03 22:52:14;2019-09-04 06:45:40;93%;91%;;0;0;Normal;100.8;;41.1;28405.2;24807.2;1988.4;2019-09-04 06:40:00;2019-09-04 06:50:00;true;1414.0;32.0;No weather;
2019-09-04 22:31:55;2019-09-05 06:50:21;81%;94%;;0;0;Normal;100.6;;95.2;29906.8;24523.6;2392.5;2019-09-05 06:40:00;2019-09-05 06:50:00;true;945.0;32.0;No weather;
2019-09-05 22:37:42;2019-09-06 06:47:01;81%;96%;;0;0;Normal;101.5;;88.5;29358.4;23584.5;3327.3;2019-09-06 06:40:00;2019-09-06 06:50:00;true;181.0;32.0;No weather;
2019-09-08 22:35:13;2019-09-09 06:49:23;80%;99%;;0;0;Normal;101.1;;94.3;29650.6;24214.7;3558.1;2019-09-09 06:40:00;2019-09-09 06:50:00;true;386.0;32.0;No weather;
2019-09-09 22:11:34;2019-09-10 06:44:19;89%;96%;;0;0;Normal;101.6;;75.2;30764.7;27688.2;2153.5;2019-09-10 06:40:00;2019-09-10 06:50:00;true;2484.0;32.0;No weather;
2019-09-10 23:14:19;2019-09-11 06:50:27;88%;93%;;0;0;Normal;101.6;;46.3;27367.8;23627.6;3101.7;2019-09-11 06:40:00;2019-09-11 06:50:00;true;3456.0;32.0;No weather;
2019-09-11 22:41:49;2019-09-12 06:37:54;79%;93%;;0;0;Normal;100.9;;89.8;28565.1;26279.9;190.4;2019-09-12 06:35:00;2019-09-12 06:45:00;true;158.0;32.0;No weather;
2019-09-12 22:23:20;2019-09-13 06:49:29;89%;93%;;0;0;Normal;102.3;;72.0;30369.0;25611.2;3036.9;2019-09-13 06:40:00;2019-09-13 06:50:00;true;1374.0;32.0;No weather;
2019-09-14 23:15:26;2019-09-15 06:43:48;75%;94%;;0;0;Normal;102.0;;86.4;26901.6;23045.7;3855.9;2019-09-15 06:40:00;2019-09-15 06:50:00;true;0.0;32.0;No weather;
2019-09-15 22:04:24;2019-09-16 06:49:22;85%;91%;;0;0;Normal;101.0;;94.0;31498.1;30448.2;210.0;2019-09-16 06:40:00;2019-09-16 06:50:00;true;1512.0;32.0;No weather;
2019-09-16 22:33:35;2019-09-17 06:48:45;82%;93%;;0;0;Normal;101.5;;87.7;29710.1;23272.9;6437.2;2019-09-17 06:40:00;2019-09-17 06:50:00;true;1572.0;32.0;No weather;
2019-09-17 22:36:07;2019-09-18 07:01:13;100%;94%;;0;0;Normal;101.2;;33.6;30305.4;27982.0;1515.3;2019-09-18 06:55:00;2019-09-18 07:05:00;true;3646.0;32.0;No weather;
2019-09-18 22:10:32;2019-09-19 06:45:00;88%;96%;;0;0;Normal;101.7;;81.2;30867.6;27678.0;1852.1;2019-09-19 06:40:00;2019-09-19 06:50:00;true;1154.0;32.0;No weather;
2019-09-19 22:57:24;2019-09-19 23:18:24;0%;0%;;0;0;Normal;101.6;;0.0;0.0;1234.9;25.2;2019-09-20 06:45:00;2019-09-20 06:55:00;false;0.0;32.0;No weather;
2019-09-19 23:29:14;2019-09-20 06:53:04;84%;93%;;0;0;Normal;101.7;;51.4;26629.5;22635.1;1775.3;2019-09-20 06:45:00;2019-09-20 06:55:00;true;4205.0;32.0;No weather;
2019-09-22 22:23:24;2019-09-23 06:48:05;74%;90%;;0;0;Normal;100.8;;119.5;30280.7;24729.2;201.9;2019-09-23 06:45:00;2019-09-23 06:55:00;true;415.0;32.0;No weather;
2019-09-23 22:38:26;2019-09-24 06:51:12;92%;97%;;0;0;Normal;100.6;;54.6;29565.8;25328.1;197.1;2019-09-24 06:45:00;2019-09-24 06:55:00;true;558.0;32.0;No weather;
2019-09-24 22:59:10;2019-09-25 06:54:32;95%;97%;;0;0;Normal;100.3;;33.7;28521.9;22817.5;2947.3;2019-09-25 06:45:00;2019-09-25 06:55:00;true;802.0;32.0;No weather;
2019-09-25 22:31:36;2019-09-26 06:51:22;82%;97%;;0;0;Normal;100.3;;89.5;29986.5;25288.6;4098.2;2019-09-26 06:45:00;2019-09-26 06:55:00;true;547.0;32.0;No weather;
2019-09-26 22:52:08;2019-09-27 06:52:31;90%;96%;;0;0;Normal;100.6;;55.0;28822.3;24499.0;1441.1;2019-09-27 06:45:00;2019-09-27 06:55:00;true;711.0;32.0;No weather;
2019-09-29 22:27:28;2019-09-30 06:50:51;85%;96%;;0;0;Normal;101.6;;81.7;30203.0;26780.0;2516.9;2019-09-30 06:40:00;2019-09-30 06:50:00;true;795.0;32.0;No weather;
2019-09-30 23:08:42;2019-10-01 06:50:16;88%;94%;;0;0;Normal;101.5;;47.9;27693.9;26770.8;184.6;2019-10-01 06:40:00;2019-10-01 06:50:00;true;2249.0;32.0;No weather;
2019-10-01 23:28:29;2019-10-02 07:10:25;88%;94%;;0;0;Normal;100.4;;49.8;27715.8;25591.0;184.8;2019-10-02 07:00:00;2019-10-02 07:10:00;true;2168.0;32.0;No weather;
2019-10-02 22:26:37;2019-10-03 06:43:02;79%;92%;;0;0;Normal;100.5;;98.6;29784.4;24820.4;2779.9;2019-10-03 06:40:00;2019-10-03 06:50:00;true;672.0;32.0;No weather;
2019-10-03 22:31:55;2019-10-04 06:54:39;89%;93%;;0;0;Normal;101.3;;70.1;30163.3;25538.3;2714.7;2019-10-04 06:45:00;2019-10-04 06:55:00;true;310.0;32.0;No weather;
2019-10-07 00:17:19;2019-10-07 07:13:09;69%;83%;;0;0;Normal;101.5;;85.6;24950.1;21373.9;1413.8;2019-10-07 07:10:00;2019-10-07 07:20:00;true;349.0;32.0;No weather;
2019-10-07 22:59:18;2019-10-08 07:00:35;96%;87%;;0;0;Normal;102.0;;35.4;28877.2;26952.1;1925.1;2019-10-08 06:55:00;2019-10-08 07:05:00;true;1679.0;32.0;No weather;
2019-10-08 23:31:22;2019-10-09 07:27:03;92%;90%;;0;0;Normal;101.5;;43.8;28540.6;25591.4;2949.2;2019-10-09 07:20:00;2019-10-09 07:30:00;true;5038.0;32.0;No weather;
2019-10-13 22:18:41;2019-10-14 06:50:48;86%;0%;;0;0;Normal;100.8;;82.4;30727.1;25708.3;4404.2;2019-10-14 06:50:00;2019-10-14 07:00:00;true;3526.0;32.0;No weather;
2019-10-14 22:43:14;2019-10-15 06:57:16;93%;96%;;0;0;Normal;100.8;;52.4;29641.7;25096.7;1679.7;2019-10-15 06:50:00;2019-10-15 07:00:00;true;6757.0;32.0;No weather;
2019-10-15 23:17:53;2019-10-16 06:54:28;87%;95%;;0;0;Normal;100.9;;47.2;27394.9;23285.7;1826.3;2019-10-16 06:45:00;2019-10-16 06:55:00;true;1395.0;32.0;No weather;
2019-10-16 22:21:16;2019-10-17 06:49:31;79%;94%;;0;0;Normal;98.1;;103.3;30495.3;24091.3;1829.7;2019-10-17 06:40:00;2019-10-17 06:50:00;true;3350.0;32.0;No weather;
2019-10-17 23:05:44;2019-10-18 06:49:37;89%;93%;;0;0;Normal;99.5;;48.1;27833.3;24678.9;2041.1;2019-10-18 06:40:00;2019-10-18 06:50:00;true;2051.0;32.0;No weather;
2019-10-20 22:42:44;2019-10-21 06:50:21;79%;97%;;0;0;Normal;100.6;;92.5;29257.4;25258.9;3413.4;2019-10-21 06:40:00;2019-10-21 06:50:00;true;4362.0;32.0;No weather;
2019-10-21 22:36:07;2019-10-22 06:48:21;80%;99%;;0;0;Normal;101.1;;91.6;29533.5;25201.9;4331.6;2019-10-22 06:40:00;2019-10-22 06:50:00;true;1088.0;32.0;No weather;
2019-10-22 23:06:14;2019-10-23 06:46:29;87%;97%;;0;0;Normal;100.0;;52.5;27614.2;24024.3;3037.6;2019-10-23 06:40:00;2019-10-23 06:50:00;true;6062.0;32.0;No weather;
2019-10-23 22:29:26;2019-10-24 06:48:32;80%;96%;;0;0;Normal;101.3;;94.3;29946.1;27151.1;2096.2;2019-10-24 06:40:00;2019-10-24 06:50:00;true;2068.0;32.0;No weather;
2019-10-24 23:11:21;2019-10-25 06:47:16;84%;95%;;0;0;Normal;101.7;;57.0;27354.3;24618.9;2097.2;2019-10-25 06:40:00;2019-10-25 06:50:00;true;4741.0;32.0;No weather;
2019-10-27 22:45:00;2019-10-28 06:41:09;78%;95%;;0;0;Normal;100.4;;90.0;28569.0;24093.2;3428.3;2019-10-28 06:40:00;2019-10-28 06:50:00;true;2326.0;32.0;No weather;
2019-10-28 23:14:46;2019-10-29 06:54:08;92%;94%;;0;0;Normal;101.6;;34.4;27562.1;25449.0;2113.1;2019-10-29 06:50:00;2019-10-29 07:00:00;true;1547.0;32.0;No weather;
2019-10-29 22:58:02;2019-10-30 06:56:12;88%;96%;;0;0;Normal;101.6;;58.4;28689.6;24864.3;2773.3;2019-10-30 06:45:00;2019-10-30 06:55:00;true;2217.0;32.0;No weather;
2019-10-30 23:00:27;2019-10-31 06:54:55;71%;97%;;0;0;Normal;101.0;;111.9;28468.2;24767.3;1328.5;2019-10-31 06:45:00;2019-10-31 06:55:00;true;2688.0;32.0;No weather;
2019-10-31 23:19:32;2019-11-01 06:48:48;84%;98%;;0;0;Normal;99.1;;53.6;26956.0;25248.8;808.7;2019-11-01 06:45:00;2019-11-01 06:55:00;true;3315.0;32.0;No weather;
2019-11-03 22:02:10;2019-11-04 06:45:40;88%;97%;;0;0;Normal;101.5;;83.0;31409.7;29106.3;2303.4;2019-11-04 06:45:00;2019-11-04 06:55:00;true;4684.0;32.0;No weather;
2019-11-04 23:04:09;2019-11-05 06:48:49;88%;99%;;0;0;Normal;101.6;;50.4;27879.5;25742.0;2137.4;2019-11-05 06:45:00;2019-11-05 06:55:00;true;7308.0;32.0;No weather;
2019-11-05 22:53:26;2019-11-06 06:55:18;93%;98%;;0;0;Normal;101.4;;46.3;28912.2;26791.9;2120.2;2019-11-06 06:45:00;2019-11-06 06:55:00;true;2230.0;32.0;No weather;
2019-11-06 22:25:36;2019-11-07 06:44:05;84%;97%;;0;0;Normal;101.9;;82.3;29909.2;24126.8;1794.6;2019-11-07 06:45:00;2019-11-07 06:55:00;true;1280.0;32.0;No weather;
2019-11-07 22:50:37;2019-11-08 06:47:00;91%;96%;;0;0;Normal;100.8;;47.2;28582.8;25057.6;2953.6;2019-11-08 06:45:00;2019-11-08 06:55:00;true;954.0;32.0;No weather;
2019-11-10 22:09:42;2019-11-11 06:49:10;88%;94%;;0;0;Normal;100.9;;80.2;31168.1;26700.7;3844.1;2019-11-11 06:45:00;2019-11-11 06:55:00;true;3332.0;32.0;No weather;
2019-11-11 22:57:05;2019-11-12 06:56:03;93%;92%;;0;0;Normal;100.1;;44.3;28737.8;23852.4;2490.6;2019-11-12 06:45:00;2019-11-12 06:55:00;true;4386.0;32.0;No weather;
2019-11-12 23:21:45;2019-11-13 06:52:59;84%;94%;;0;0;Normal;101.3;;54.1;27074.1;23644.7;1624.4;2019-11-13 06:45:00;2019-11-13 06:55:00;true;3752.0;32.0;No weather;
2019-11-13 22:40:08;2019-11-14 06:53:43;75%;94%;;0;0;Normal;102.1;;106.1;29615.7;25765.6;3850.0;2019-11-14 06:45:00;2019-11-14 06:55:00;true;1658.0;32.0;No weather;
2019-11-14 23:43:22;2019-11-15 06:54:01;82%;94%;;0;0;Normal;101.6;;47.3;25838.7;20843.2;2325.5;2019-11-15 06:45:00;2019-11-15 06:55:00;true;972.0;32.0;No weather;
2019-11-17 23:02:57;2019-11-18 06:49:16;91%;94%;;0;0;Normal;100.8;;42.1;27979.1;23129.4;2611.4;2019-11-18 06:45:00;2019-11-18 06:55:00;true;4549.0;32.0;No weather;
2019-11-18 22:36:26;2019-11-19 06:40:05;74%;95%;;0;0;Normal;99.7;;103.7;29019.1;26310.7;2128.1;2019-11-19 06:35:00;2019-11-19 06:45:00;true;3484.0;32.0;No weather;
2019-11-19 22:24:00;2019-11-20 06:52:45;75%;96%;;0;0;Normal;100.9;;111.4;30524.4;25945.7;1729.7;2019-11-20 06:45:00;2019-11-20 06:55:00;true;2519.0;32.0;No weather;
2019-11-20 22:18:30;2019-11-21 06:47:48;80%;97%;;0;0;Normal;101.0;;98.3;30557.6;26381.4;4176.2;2019-11-21 06:45:00;2019-11-21 06:55:00;true;3639.0;32.0;No weather;
2019-11-21 23:27:51;2019-11-22 06:55:38;87%;95%;;0;0;Normal;100.6;;42.9;26867.1;24628.2;1701.6;2019-11-22 06:45:00;2019-11-22 06:55:00;true;3516.0;32.0;No weather;
2019-11-24 22:31:59;2019-11-25 06:49:46;72%;91%;;0;0;Normal;99.3;;117.0;29866.6;24988.4;4878.2;2019-11-25 06:45:00;2019-11-25 06:55:00;true;814.0;32.0;No weather;
2019-11-26 22:48:46;2019-11-27 06:50:53;73%;96%;;0;0;Normal;101.5;;107.9;28927.2;26420.1;2507.0;2019-11-27 06:40:00;2019-11-27 06:50:00;true;1543.0;32.0;No weather;
2019-12-01 22:50:16;2019-12-02 06:49:16;77%;0%;;0;0;Normal;99.0;;94.1;28739.9;25387.0;2778.2;2019-12-02 06:40:00;2019-12-02 06:50:00;true;5336.0;32.0;No weather;
2019-12-02 23:06:21;2019-12-03 06:45:59;92%;97%;;0;0;Normal;99.1;;35.4;27578.0;23441.3;3401.3;2019-12-03 06:40:00;2019-12-03 06:50:00;true;3969.0;32.0;No weather;
2019-12-03 22:47:15;2019-12-04 06:47:41;89%;97%;;0;0;Normal;99.3;;55.9;28825.9;25270.7;1441.3;2019-12-04 06:40:00;2019-12-04 06:50:00;true;4265.0;32.0;No weather;
2019-12-04 22:30:13;2019-12-05 06:54:08;81%;97%;;0;0;Normal;99.1;;93.2;30235.2;27110.9;2519.6;2019-12-05 06:45:00;2019-12-05 06:55:00;true;4193.0;32.0;No weather;
2019-12-05 22:40:23;2019-12-06 06:54:51;95%;97%;;0;0;Normal;100.9;;44.5;29668.4;28185.0;1483.4;2019-12-06 06:45:00;2019-12-06 06:55:00;true;4938.0;32.0;No weather;
2019-12-08 22:34:41;2019-12-09 06:50:43;84%;99%;;0;0;Normal;101.8;;80.3;29761.9;28273.8;1488.1;2019-12-09 06:45:00;2019-12-09 06:55:00;true;2536.0;32.0;No weather;
2019-12-09 22:59:19;2019-12-10 06:55:21;92%;96%;;0;0;Normal;99.8;;44.1;28562.5;27039.1;1523.3;2019-12-10 06:45:00;2019-12-10 06:55:00;true;3383.0;32.0;No weather;
2019-12-10 23:02:35;2019-12-11 07:39:52;95%;95%;;0;0;Normal;100.9;;59.5;31036.8;27002.0;2069.1;2019-12-11 07:30:00;2019-12-11 07:40:00;true;3161.0;32.0;No weather;
2019-12-11 22:28:01;2019-12-12 06:49:13;79%;92%;;0;0;Normal;102.9;;96.4;30071.5;25059.6;4410.5;2019-12-12 06:40:00;2019-12-12 06:50:00;true;1576.0;32.0;No weather;
2019-12-12 23:21:50;2019-12-13 06:50:13;87%;91%;;0;0;Normal;102.7;;44.4;26902.3;23405.0;1703.8;2019-12-13 06:40:00;2019-12-13 06:50:00;true;4954.0;32.0;No weather;
2019-12-16 23:17:32;2019-12-17 06:57:23;91%;0%;;0;0;Normal;101.1;;37.2;27590.6;25383.3;1379.5;2019-12-17 06:55:00;2019-12-17 07:05:00;true;3011.0;32.0;No weather;
2019-12-17 23:26:43;2019-12-18 07:10:10;87%;97%;;0;0;Normal;99.8;;51.4;27807.3;23543.5;1297.7;2019-12-18 07:05:00;2019-12-18 07:15:00;true;4626.0;32.0;No weather;
2019-12-18 22:52:20;2019-12-19 07:02:45;71%;96%;;0;0;Normal;100.9;;116.4;29425.3;25207.7;3236.8;2019-12-19 06:55:00;2019-12-19 07:05:00;true;2430.0;32.0;No weather;
2019-12-21 01:17:39;2019-12-21 09:40:55;78%;76%;;0;0;Normal;95.2;;101.0;30195.8;27377.5;201.3;2019-12-21 09:55:00;2019-12-21 10:05:00;true;630.0;32.0;No weather;
2019-12-22 01:10:04;2019-12-22 09:59:03;80%;77%;;0;0;Normal;92.4;;105.8;31739.1;27401.5;2750.7;2019-12-22 09:55:00;2019-12-22 10:05:00;true;1743.0;32.0;No weather;
2020-01-02 23:03:36;2020-01-03 06:56:18;87%;0%;;0;0;Normal;100.2;;56.2;28362.3;24108.0;4254.3;2020-01-03 06:45:00;2020-01-03 06:55:00;true;2420.0;32.0;No weather;
2020-01-05 22:50:22;2020-01-06 06:51:36;81%;98%;;0;0;Normal;100.6;;81.4;28874.2;24639.3;1924.9;2020-01-06 06:45:00;2020-01-06 06:55:00;true;4626.0;32.0;No weather;
2020-01-06 23:06:25;2020-01-07 06:55:11;92%;97%;;0;0;Normal;100.8;;39.4;28125.4;26062.8;187.5;2020-01-07 06:45:00;2020-01-07 06:55:00;true;5223.0;32.0;No weather;
2020-01-07 22:40:30;2020-01-08 06:55:10;71%;97%;;0;0;Normal;100.3;;117.2;29680.4;26910.3;197.9;2020-01-08 06:50:00;2020-01-08 07:00:00;true;3494.0;32.0;No weather;
2020-01-08 23:46:58;2020-01-09 06:58:25;83%;95%;;0;0;Normal;102.0;;46.8;25887.4;24420.5;1467.0;2020-01-09 06:50:00;2020-01-09 07:00:00;true;1492.0;32.0;No weather;
2020-01-09 23:24:51;2020-01-09 23:45:45;4%;48%;;0;0;Normal;103.0;;0.0;1254.6;715.1;8.4;2020-01-10 06:55:00;2020-01-10 07:05:00;true;0.0;32.0;No weather;
2020-01-09 23:45:54;2020-01-10 07:02:44;83%;95%;;0;0;Normal;102.9;;47.3;26210.1;24637.5;873.7;2020-01-10 06:55:00;2020-01-10 07:05:00;true;3513.0;32.0;No weather;
2020-01-12 22:45:49;2020-01-13 07:03:25;79%;92%;;0;0;Normal;102.0;;95.0;29856.1;26970.0;1990.4;2020-01-13 06:55:00;2020-01-13 07:05:00;true;3178.0;32.0;No weather;
2020-01-13 23:24:17;2020-01-14 07:33:49;95%;90%;;0;0;Normal;101.9;;43.0;29372.4;27120.5;979.1;2020-01-14 07:25:00;2020-01-14 07:35:00;true;2687.0;32.0;No weather;
2020-01-14 22:30:14;2020-01-15 07:00:26;76%;89%;;0;0;Normal;101.1;;109.7;30612.7;27551.4;2347.0;2020-01-15 06:55:00;2020-01-15 07:05:00;true;1975.0;32.0;No weather;
2020-01-15 23:17:15;2020-01-16 06:58:45;90%;91%;;0;0;Normal;100.8;;40.7;27690.2;23629.0;184.6;2020-01-16 06:55:00;2020-01-16 07:05:00;true;3868.0;32.0;No weather;
2020-01-16 23:59:09;2020-01-17 07:26:06;83%;90%;;0;0;Normal;101.4;;54.1;26817.4;25744.7;178.8;2020-01-17 07:55:00;2020-01-17 08:05:00;true;3879.0;32.0;No weather;
2020-01-20 22:17:10;2020-01-21 06:56:09;81%;-41%;;0;0;Normal;102.0;;98.2;31138.6;26779.2;3425.2;2020-01-21 06:55:00;2020-01-21 07:05:00;true;1191.0;32.0;No weather;
2020-01-21 22:58:55;2020-01-22 07:01:55;87%;93%;;0;0;Normal;102.2;;62.6;28979.3;24439.2;1545.6;2020-01-22 06:55:00;2020-01-22 07:05:00;true;5102.0;32.0;No weather;
2020-01-22 22:31:46;2020-01-23 07:00:26;83%;95%;;0;0;Normal;102.1;;87.7;30519.6;26145.1;4374.5;2020-01-23 06:55:00;2020-01-23 07:05:00;true;3362.0;32.0;No weather;
2020-01-23 23:33:51;2020-01-24 07:10:22;87%;93%;;0;0;Normal;101.8;;48.7;27390.7;22643.0;1643.4;2020-01-24 07:00:00;2020-01-24 07:10:00;true;3016.0;32.0;No weather;
2020-01-26 22:50:19;2020-01-27 06:58:40;81%;92%;;0;0;Normal;99.9;;83.0;29301.2;24515.4;4102.2;2020-01-27 07:00:00;2020-01-27 07:10:00;true;3668.0;32.0;No weather;
2020-01-27 22:29:37;2020-01-28 06:44:31;81%;95%;;0;0;Normal;99.8;;87.2;29693.5;26526.2;3167.3;2020-01-28 06:35:00;2020-01-28 06:45:00;true;2094.0;32.0;No weather;
2020-01-28 22:02:16;2020-01-29 06:45:24;98%;96%;;0;0;Normal;100.0;;53.3;31387.8;25842.7;1883.3;2020-01-29 06:40:00;2020-01-29 06:50:00;true;797.0;32.0;No weather;
2020-01-29 23:13:36;2020-01-30 06:25:47;78%;93%;;0;0;Normal;100.8;;61.7;25931.0;21436.3;2852.4;2020-01-30 06:20:00;2020-01-30 06:30:00;true;0.0;32.0;No weather;
2020-01-30 23:59:39;2020-01-31 08:52:11;100%;86%;;0;0;Normal;101.7;;48.1;31951.8;30460.7;213.0;2020-01-31 08:45:00;2020-01-31 08:55:00;true;3754.0;32.0;No weather;
2020-02-02 23:08:45;2020-02-03 07:02:19;75%;78%;;0;0;Normal;99.2;;93.7;28414.3;27183.0;189.4;2020-02-03 06:55:00;2020-02-03 07:05:00;true;3651.0;32.0;No weather;
2020-02-03 22:21:19;2020-02-04 06:38:26;81%;90%;;0;0;Normal;100.1;;87.5;29827.5;26546.5;2485.6;2020-02-04 06:35:00;2020-02-04 06:45:00;true;3021.0;32.0;No weather;
2020-02-04 22:59:13;2020-02-05 06:43:49;90%;92%;;0;0;Normal;99.4;;43.6;27876.8;23602.3;1486.8;2020-02-05 06:40:00;2020-02-05 06:50:00;true;2851.0;32.0;No weather;
2020-02-05 23:06:36;2020-02-06 06:59:52;92%;94%;;0;0;Normal;100.5;;43.5;28396.3;24704.8;2177.1;2020-02-06 06:50:00;2020-02-06 07:00:00;true;3452.0;32.0;No weather;
2020-02-06 23:25:41;2020-02-07 07:01:35;88%;96%;;0;0;Normal;98.7;;45.1;27353.6;23159.4;2279.5;2020-02-07 06:55:00;2020-02-07 07:05:00;true;2834.0;32.0;No weather;
2020-02-09 22:34:39;2020-02-10 06:57:05;86%;92%;;0;0;Normal;102.0;;77.4;30146.0;27633.9;2512.2;2020-02-10 06:55:00;2020-02-10 07:05:00;true;2643.0;32.0;No weather;
2020-02-10 23:09:05;2020-02-11 07:03:46;89%;94%;;0;0;Normal;101.0;;53.4;28481.6;23639.7;2183.6;2020-02-11 07:00:00;2020-02-11 07:10:00;true;3674.0;32.0;No weather;
2020-02-11 23:05:29;2020-02-12 06:54:30;90%;67%;;0;0;Normal;100.4;;45.1;28140.4;24575.9;2814.0;2020-02-12 06:55:00;2020-02-12 07:05:00;false;0.0;32.0;No weather;
2020-02-12 22:24:58;2020-02-13 07:04:23;77%;95%;;0;0;Normal;100.8;;109.0;31164.9;27113.5;1973.8;2020-02-13 06:55:00;2020-02-13 07:05:00;true;1914.0;32.0;No weather;
2020-02-17 22:32:19;2020-02-18 06:56:14;82%;0%;;0;0;Normal;101.8;;88.8;30234.8;24691.8;3426.6;2020-02-18 06:55:00;2020-02-18 07:05:00;true;2613.0;32.0;No weather;
2020-02-18 23:00:52;2020-02-19 07:04:37;92%;95%;;0;0;Normal;100.7;;47.4;29025.7;26606.9;2418.8;2020-02-19 06:55:00;2020-02-19 07:05:00;true;1689.0;32.0;No weather;
2020-02-19 22:26:55;2020-02-20 06:56:31;82%;95%;;0;0;Normal;101.9;;92.0;30575.3;27619.7;2955.6;2020-02-20 06:55:00;2020-02-20 07:05:00;true;878.0;32.0;No weather;
2020-02-20 23:23:48;2020-02-21 06:57:32;88%;94%;;0;0;Normal;102.1;;42.3;27224.1;22777.5;2268.7;2020-02-21 06:55:00;2020-02-21 07:05:00;true;2564.0;32.0;No weather;
2020-02-23 22:37:45;2020-02-24 06:58:03;81%;94%;;0;0;Normal;101.0;;89.5;30018.5;26316.2;2701.7;2020-02-24 06:55:00;2020-02-24 07:05:00;true;2243.0;32.0;No weather;
2020-02-24 23:03:28;2020-02-25 07:06:47;85%;95%;;0;0;Normal;100.4;;69.6;28998.4;23295.4;3576.5;2020-02-25 06:55:00;2020-02-25 07:05:00;true;3965.0;32.0;No weather;
2020-02-25 23:04:06;2020-02-26 07:02:08;91%;97%;;0;0;Normal;100.2;;49.5;28681.7;23710.2;2772.6;2020-02-26 06:55:00;2020-02-26 07:05:00;true;5385.0;32.0;No weather;
2020-02-26 22:17:12;2020-02-27 07:08:44;100%;96%;;0;0;Normal;99.7;;0.0;31892.5;31254.7;637.9;2020-02-27 06:55:00;2020-02-27 07:05:00;true;0.0;32.0;No weather;
2020-02-27 23:20:35;2020-02-28 07:01:43;89%;94%;;0;0;Normal;100.1;;45.2;27668.1;24071.2;1475.6;2020-02-28 07:00:00;2020-02-28 07:10:00;true;2485.0;32.0;No weather;
2020-02-28 22:27:28;2020-02-29 06:47:41;68%;91%;;0;0;Normal;100.9;;127.3;30012.4;24009.9;1600.7;2020-02-29 06:45:00;2020-02-29 06:55:00;true;1951.0;32.0;No weather;
2020-02-29 22:01:14;2020-03-01 06:19:35;84%;91%;;0;0;Normal;100.8;;80.2;29901.7;23821.7;1794.1;2020-03-01 06:10:00;2020-03-01 06:20:00;true;3888.0;32.0;No weather;
2020-03-01 23:03:13;2020-03-02 06:51:16;91%;90%;;0;0;Normal;101.2;;43.3;28082.5;25835.9;1310.5;2020-03-02 07:00:00;2020-03-02 07:10:00;true;2767.0;32.0;No weather;
2020-03-02 22:16:46;2020-03-03 07:15:10;88%;90%;;0;0;Normal;99.9;;87.7;32304.4;26920.3;1615.2;2020-03-03 07:05:00;2020-03-03 07:15:00;true;3479.0;32.0;No weather;
2020-03-03 22:51:18;2020-03-04 06:53:58;90%;90%;;0;0;Normal;98.9;;52.7;28960.0;23264.6;4150.9;2020-03-04 07:05:00;2020-03-04 07:15:00;true;5153.0;32.0;No weather;
2020-03-04 22:26:55;2020-03-05 07:07:11;79%;92%;;0;0;Normal;100.2;;105.1;31216.0;26117.4;4058.1;2020-03-05 07:05:00;2020-03-05 07:15:00;true;4593.0;32.0;No weather;
2020-03-05 23:21:04;2020-03-06 07:15:02;86%;93%;;0;0;Normal;100.8;;59.6;28438.1;25783.9;1895.9;2020-03-06 07:05:00;2020-03-06 07:15:00;true;1918.0;32.0;No weather;
2020-03-08 22:39:20;2020-03-09 07:07:56;80%;85%;;0;0;Normal;101.9;;95.1;30515.5;25429.6;4373.9;2020-03-09 07:05:00;2020-03-09 07:15:00;true;3119.0;32.0;No weather;
2020-03-09 23:36:59;2020-03-10 07:14:22;90%;83%;;0;0;Normal;101.5;;37.5;27443.0;23418.0;2378.4;2020-03-10 07:05:00;2020-03-10 07:15:00;true;5787.0;32.0;No weather;
2020-03-10 23:47:39;2020-03-11 07:15:32;80%;91%;;0;0;Normal;100.6;;63.3;26873.4;25261.0;1612.4;2020-03-11 07:05:00;2020-03-11 07:15:00;true;1817.0;32.0;No weather;
2020-03-11 23:04:06;2020-03-12 07:06:51;80%;91%;;0;0;Normal;100.9;;83.2;28964.9;24040.9;2317.2;2020-03-12 07:05:00;2020-03-12 07:15:00;true;2432.0;32.0;No weather;
2020-03-12 22:57:31;2020-03-13 07:10:43;92%;97%;;0;0;Normal;100.9;;52.5;29592.6;26041.5;2860.6;2020-03-13 07:00:00;2020-03-13 07:10:00;true;4853.0;32.0;No weather;
2020-03-16 00:33:29;2020-03-16 08:07:57;87%;79%;;0;0;Normal;102.4;;47.6;27267.8;21632.5;2272.3;2020-03-16 08:30:00;2020-03-16 08:40:00;true;3897.0;32.0;No weather;
2020-03-17 00:06:21;2020-03-17 08:07:12;92%;96%;;0;0;Normal;102.0;;47.4;28851.2;26639.3;1346.4;2020-03-17 08:00:00;2020-03-17 08:10:00;true;2034.0;32.0;No weather;
2020-03-18 00:39:21;2020-03-18 08:33:55;89%;94%;;0;0;Normal;101.6;;52.5;28474.3;24298.1;569.5;2020-03-18 08:45:00;2020-03-18 08:55:00;true;2903.0;32.0;No weather;
2020-03-19 00:36:49;2020-03-19 08:17:50;0%;72%;;0;0;Normal;101.9;;0.0;0.0;24618.2;553.2;2020-03-19 08:35:00;2020-03-19 08:45:00;false;0.0;32.0;No weather;
2020-03-20 00:34:33;2020-03-20 08:20:38;88%;96%;;0;0;Normal;101.2;;51.1;27964.5;24888.4;559.3;2020-03-20 08:40:00;2020-03-20 08:50:00;true;2074.0;32.0;No weather;
2020-03-23 00:31:40;2020-03-23 08:33:18;100%;98%;;0;0;Normal;102.8;;0.0;28898.3;28320.4;578.0;2020-03-23 08:40:00;2020-03-23 08:50:00;true;0.0;32.0;No weather;
2020-03-24 00:11:34;2020-03-24 08:36:07;96%;97%;;0;0;Normal;100.6;;46.9;30273.0;28355.8;605.5;2020-03-24 08:30:00;2020-03-24 08:40:00;true;995.0;32.0;No weather;
2020-03-25 00:10:09;2020-03-25 08:40:34;99%;98%;;0;0;Normal;101.2;;40.7;30624.5;26643.3;1735.4;2020-03-25 08:30:00;2020-03-25 08:40:00;true;2056.0;32.0;No weather;
2020-03-26 00:06:38;2020-03-26 08:39:41;95%;98%;;0;0;Normal;100.9;;54.9;30783.9;28321.2;2462.7;2020-03-26 08:30:00;2020-03-26 08:40:00;true;2319.0;32.0;No weather;
2020-03-27 00:02:44;2020-03-27 08:33:47;94%;99%;;0;0;Normal;100.0;;55.6;30663.2;27392.5;1124.3;2020-03-27 08:25:00;2020-03-27 08:35:00;true;205.0;32.0;No weather;
2020-03-30 00:23:15;2020-03-30 08:28:38;92%;96%;;0;0;Normal;100.3;;47.1;29123.0;22813.0;2426.9;2020-03-30 08:25:00;2020-03-30 08:35:00;true;641.0;32.0;No weather;
2020-03-31 00:01:31;2020-03-31 08:11:50;88%;95%;;0;0;Normal;100.6;;62.2;29418.2;24319.0;588.4;2020-03-31 08:25:00;2020-03-31 08:35:00;true;2978.0;32.0;No weather;
2020-04-06 00:04:55;2020-04-06 07:46:50;90%;0%;;0;0;Normal;100.6;;40.3;27715.7;22265.0;4526.9;2020-04-06 07:45:00;2020-04-06 07:55:00;true;3737.0;32.0;No weather;
2020-04-09 00:32:40;2020-04-09 08:49:59;93%;87%;;0;0;Normal;99.5;;51.9;29839.4;24368.9;2287.7;2020-04-09 08:40:00;2020-04-09 08:50:00;true;1826.0;32.0;No weather;
2020-04-10 00:16:38;2020-04-10 08:05:36;81%;92%;;0;0;Normal;98.7;;70.5;28137.6;27012.1;562.8;2020-04-10 07:55:00;2020-04-10 08:05:00;true;2592.0;32.0;No weather;
2020-04-14 07:22:27;2020-04-14 08:31:22;15%;0%;;0;0;Normal;100.9;;0.0;4135.8;4053.1;82.7;2020-04-14 08:25:00;2020-04-14 08:35:00;true;186.0;32.0;No weather;
2020-04-17 00:32:21;2020-04-17 08:07:33;83%;-46%;;0;0;Normal;101.4;;57.3;27311.8;23488.2;1547.7;2020-04-17 08:00:00;2020-04-17 08:10:00;true;3657.0;32.0;No weather;
2020-04-24 00:27:05;2020-04-24 08:02:28;85%;37%;;0;0;Normal;100.3;;51.3;27323.0;23953.2;2641.2;2020-04-24 08:00:00;2020-04-24 08:10:00;true;2384.0;32.0;No weather;
2020-04-27 08:20:23;2020-04-27 08:45:49;5%;0%;;0;0;Normal;100.2;;0.0;1526.3;1495.8;30.5;2020-04-27 08:35:00;2020-04-27 08:45:00;true;0.0;32.0;No weather;
2020-05-01 00:47:36;2020-05-01 08:13:07;81%;-42%;;0;0;Normal;99.8;;58.5;26730.2;24413.6;534.6;2020-05-01 08:15:00;2020-05-01 08:25:00;true;2028.0;32.0;No weather;
2020-05-05 00:46:08;2020-05-05 08:33:02;85%;0%;;0;0;Normal;100.4;;57.6;28013.5;25118.7;560.3;2020-05-05 08:50:00;2020-05-05 09:00:00;true;1188.0;32.0;No weather;
2020-05-07 01:13:38;2020-05-07 08:54:48;89%;93%;;0;0;Normal;99.9;;43.0;27669.9;22689.3;2029.1;2020-05-07 08:50:00;2020-05-07 09:00:00;true;2136.0;32.0;No weather;
2020-05-08 00:42:24;2020-05-08 08:18:03;84%;92%;;0;0;Normal;100.0;;55.9;27339.6;22418.5;1822.6;2020-05-08 08:35:00;2020-05-08 08:45:00;true;837.0;32.0;No weather;
2020-05-12 00:40:44;2020-05-12 08:39:51;88%;0%;;0;0;Normal;100.5;;54.6;28747.8;26160.5;575.0;2020-05-12 08:35:00;2020-05-12 08:45:00;true;2457.0;32.0;No weather;
2020-05-14 08:06:45;2020-05-14 08:57:37;11%;-41%;;0;0;Normal;101.8;;0.0;3052.1;2991.1;61.0;2020-05-14 08:50:00;2020-05-14 09:00:00;true;146.0;32.0;No weather;
2020-05-15 01:01:33;2020-05-15 08:31:58;87%;96%;;0;0;Normal;100.7;;41.0;27025.1;22611.0;1351.3;2020-05-15 08:30:00;2020-05-15 08:40:00;true;506.0;32.0;No weather;
2020-05-19 23:33:07;2020-05-20 06:49:58;81%;0%;;0;0;Normal;101.9;;53.4;26210.8;21929.7;4281.1;2020-05-20 06:50:00;2020-05-20 07:00:00;true;3306.0;32.0;No weather;
2020-05-28 01:04:04;2020-05-28 08:59:25;89%;0%;;0;0;Normal;101.4;;50.5;28520.6;22626.4;2281.7;2020-05-28 08:50:00;2020-05-28 09:00:00;true;221.0;32.0;No weather;
2020-05-29 00:15:03;2020-05-29 08:14:19;89%;87%;;0;0;Normal;100.9;;51.8;28755.9;23388.1;1725.4;2020-05-29 08:10:00;2020-05-29 08:20:00;true;801.0;32.0;No weather;
2020-06-01 07:21:10;2020-06-01 08:24:22;14%;0%;;0;0;Normal;101.6;;0.0;3792.7;3716.9;75.9;2020-06-01 08:20:00;2020-06-01 08:30:00;true;98.0;32.0;No weather;
2020-06-03 00:41:34;2020-06-03 08:44:34;88%;-47%;;0;0;Normal;100.0;;56.8;28979.3;26467.8;2511.5;2020-06-03 08:40:00;2020-06-03 08:50:00;true;1559.0;32.0;No weather;
2020-06-04 01:12:20;2020-06-04 08:35:27;85%;24%;;0;0;Normal;99.8;;43.5;26586.5;21623.6;2215.5;2020-06-04 08:40:00;2020-06-04 08:50:00;true;231.0;32.0;No weather;
2020-06-05 00:12:58;2020-06-05 08:35:53;79%;46%;;0;0;Normal;100.5;;93.3;30175.1;24643.0;4828.0;2020-06-05 08:30:00;2020-06-05 08:40:00;true;467.0;32.0;No weather;
2020-06-08 00:43:25;2020-06-08 08:17:12;87%;93%;;0;0;Normal;100.7;;43.0;27227.1;22417.0;2268.9;2020-06-08 08:20:00;2020-06-08 08:30:00;true;1342.0;32.0;No weather;
2020-06-09 00:45:11;2020-06-09 08:39:09;87%;97%;;0;0;Normal;100.6;;55.2;28437.4;24930.2;1895.8;2020-06-09 08:35:00;2020-06-09 08:45:00;true;2460.0;32.0;No weather;
2020-06-10 00:23:42;2020-06-10 08:16:14;89%;95%;;0;0;Normal;100.4;;48.1;28351.4;24760.2;3591.2;2020-06-10 08:25:00;2020-06-10 08:35:00;true;346.0;32.0;No weather;
2020-06-11 00:11:12;2020-06-11 08:32:00;92%;96%;;0;0;Normal;100.5;;56.2;30048.3;26242.2;2203.5;2020-06-11 08:30:00;2020-06-11 08:40:00;true;869.0;32.0;No weather;
2020-06-12 01:07:42;2020-06-12 08:31:10;82%;94%;;0;0;Normal;100.9;;53.2;26607.7;20754.0;1862.5;2020-06-12 08:30:00;2020-06-12 08:40:00;true;226.0;32.0;No weather;
2020-06-15 23:26:54;2020-06-16 07:05:14;84%;0%;;0;0;Normal;101.9;;55.1;27500.1;23741.7;3758.3;2020-06-16 07:05:00;2020-06-16 07:15:00;true;327.0;32.0;No weather;
2020-06-16 23:41:00;2020-06-17 07:18:39;85%;96%;;0;0;Normal;101.7;;53.0;27459.0;23614.7;2105.2;2020-06-17 07:10:00;2020-06-17 07:20:00;true;258.0;32.0;No weather;
2020-06-18 00:08:27;2020-06-18 07:09:14;76%;96%;;0;0;Normal;101.3;;59.7;25246.4;22048.5;504.9;2020-06-18 07:15:00;2020-06-18 07:25:00;true;1095.0;32.0;No weather;
2020-06-19 00:33:18;2020-06-19 08:23:48;90%;92%;;0;0;Normal;101.2;;44.1;28229.9;24277.7;1129.2;2020-06-19 08:20:00;2020-06-19 08:30:00;true;1759.0;32.0;No weather;
2020-06-21 23:46:38;2020-06-22 07:43:55;89%;88%;;0;0;Normal;100.6;;50.5;28637.7;22146.5;1718.3;2020-06-22 07:35:00;2020-06-22 07:45:00;true;85.0;32.0;No weather;
2020-06-23 00:12:49;2020-06-23 08:44:57;97%;88%;;0;0;Normal;100.2;;48.2;30727.9;26323.6;614.6;2020-06-23 08:35:00;2020-06-23 08:45:00;true;357.0;32.0;No weather;
2020-06-24 00:56:04;2020-06-24 08:41:54;86%;91%;;0;0;Normal;99.5;;55.1;27949.6;24036.7;1118.0;2020-06-24 08:35:00;2020-06-24 08:45:00;true;841.0;32.0;No weather;
2020-06-25 01:09:44;2020-06-25 08:37:29;82%;93%;;0;0;Normal;100.2;;54.4;26864.6;21939.4;2238.7;2020-06-25 08:35:00;2020-06-25 08:45:00;true;0.0;32.0;No weather;
2020-06-26 01:41:21;2020-06-26 08:24:14;77%;95%;;0;0;Normal;100.5;;44.2;24173.0;22722.7;1450.4;2020-06-26 08:40:00;2020-06-26 08:50:00;true;1621.0;32.0;No weather;
2020-06-29 01:11:05;2020-06-29 08:42:06;85%;93%;;0;0;Normal;99.8;;46.9;27061.0;20385.9;3066.9;2020-06-29 08:40:00;2020-06-29 08:50:00;true;443.0;32.0;No weather;
2020-06-29 23:43:43;2020-06-30 07:05:16;85%;74%;;0;0;Normal;100.3;;42.5;26493.8;23491.1;2296.1;2020-06-30 07:00:00;2020-06-30 07:10:00;true;726.0;32.0;No weather;
2020-07-01 00:43:51;2020-07-01 08:51:54;94%;76%;;0;0;Normal;100.3;;43.0;29283.0;24207.3;2928.3;2020-07-01 08:45:00;2020-07-01 08:55:00;true;418.0;32.0;No weather;
2020-07-02 00:16:43;2020-07-02 08:02:24;60%;80%;;0;0;Normal;100.9;;132.7;27940.8;25333.0;2607.8;2020-07-02 08:20:00;2020-07-02 08:30:00;true;68.0;32.0;No weather;
2020-07-03 00:15:45;2020-07-03 08:34:49;68%;87%;;0;0;Normal;100.7;;120.9;29943.8;26550.2;2195.9;2020-07-03 08:55:00;2020-07-03 09:05:00;true;814.0;32.0;No weather;
2020-07-06 00:31:40;2020-07-06 08:26:56;89%;97%;;0;0;Normal;100.6;;48.4;28515.8;23858.3;3517.0;2020-07-06 08:50:00;2020-07-06 09:00:00;true;406.0;32.0;No weather;
2020-07-06 23:59:15;2020-07-07 08:47:02;94%;93%;;0;0;Normal;101.1;;61.5;31667.5;28078.5;1900.0;2020-07-07 08:45:00;2020-07-07 08:55:00;true;133.0;32.0;No weather;
2020-07-08 00:15:24;2020-07-08 07:42:01;81%;91%;;0;0;Normal;100.8;;58.6;26796.6;22062.5;535.9;2020-07-08 07:40:00;2020-07-08 07:50:00;true;0.0;32.0;No weather;
2020-07-08 23:45:51;2020-07-09 07:19:08;81%;91%;;0;0;Normal;100.6;;60.8;27196.9;22120.2;1903.8;2020-07-09 07:20:00;2020-07-09 07:30:00;true;790.0;32.0;No weather;
2020-07-10 00:44:31;2020-07-10 08:16:34;89%;71%;;0;0;Normal;100.7;;36.6;27122.6;25676.0;1446.5;2020-07-10 08:25:00;2020-07-10 08:35:00;false;0.0;32.0;No weather;
2020-07-13 08:12:39;2020-07-13 08:43:36;7%;0%;;0;0;Normal;100.0;;0.0;1856.8;1819.7;37.1;2020-07-13 08:40:00;2020-07-13 08:50:00;true;0.0;32.0;No weather;
2020-07-13 23:50:36;2020-07-14 08:18:02;93%;0%;;0;0;Normal;100.3;;55.2;30446.0;26082.0;2029.7;2020-07-14 08:35:00;2020-07-14 08:45:00;true;869.0;32.0;No weather;
2020-07-14 23:58:51;2020-07-15 07:10:57;82%;90%;;0;0;Normal;100.9;;45.6;25926.2;21950.9;2938.3;2020-07-15 07:05:00;2020-07-15 07:15:00;true;2566.0;32.0;No weather;
2020-07-15 23:35:53;2020-07-16 07:13:41;82%;93%;;0;0;Normal;101.5;;61.9;27468.2;24812.9;2655.3;2020-07-16 07:05:00;2020-07-16 07:15:00;true;1064.0;32.0;No weather;
2020-07-16 16:06:35;2020-07-16 16:37:29;7%;48%;;0;0;Normal;101.6;;0.0;1853.8;1816.7;37.1;2020-07-16 16:30:00;2020-07-16 16:40:00;true;61.0;32.0;No weather;
2020-07-17 01:14:27;2020-07-17 08:43:09;81%;87%;;0;0;Normal;101.4;;58.7;26921.7;21268.1;2602.4;2020-07-17 08:35:00;2020-07-17 08:45:00;true;82.0;32.0;No weather;
2020-07-19 23:21:53;2020-07-20 07:19:15;92%;73%;;0;0;Normal;100.2;;42.8;28642.4;22818.5;3628.0;2020-07-20 07:15:00;2020-07-20 07:25:00;true;224.0;32.0;No weather;
2020-07-21 00:09:12;2020-07-21 08:20:38;92%;85%;;0;0;Normal;100.5;;48.9;29485.4;25160.9;1965.7;2020-07-21 08:15:00;2020-07-21 08:25:00;true;174.0;32.0;No weather;
2020-07-22 00:55:38;2020-07-22 08:14:39;0%;54%;;0;0;Normal;100.8;;0.0;0.0;24408.9;526.8;2020-07-22 08:40:00;2020-07-22 08:50:00;false;0.0;32.0;No weather;
2020-07-24 00:23:22;2020-07-24 08:42:54;90%;92%;;0;0;Normal;100.7;;59.5;29972.3;23478.3;1798.3;2020-07-24 08:35:00;2020-07-24 08:45:00;true;1339.0;32.0;No weather;
2020-07-26 23:57:55;2020-07-27 07:21:16;80%;85%;;0;0;Normal;100.4;;58.3;26601.3;24384.6;2216.8;2020-07-27 07:20:00;2020-07-27 07:30:00;true;148.0;32.0;No weather;
2020-07-28 00:19:58;2020-07-28 08:35:51;95%;87%;;0;0;Normal;99.9;;42.7;29753.0;25587.5;595.1;2020-07-28 08:30:00;2020-07-28 08:40:00;true;0.0;32.0;No weather;
2020-07-31 01:26:50;2020-07-31 08:40:49;77%;90%;;0;0;Normal;100.2;;62.8;26039.5;22307.2;1822.8;2020-07-31 08:35:00;2020-07-31 08:45:00;true;139.0;32.0;No weather;
2020-08-03 01:05:22;2020-08-03 08:50:48;86%;96%;;0;0;Normal;100.3;;51.4;27925.7;22712.9;1489.4;2020-08-03 08:50:00;2020-08-03 09:00:00;true;1446.0;32.0;No weather;
2020-08-04 01:06:21;2020-08-04 08:53:05;91%;100%;;0;0;Normal;100.8;;37.7;28003.8;23616.5;3453.8;2020-08-04 08:50:00;2020-08-04 09:00:00;true;252.0;32.0;No weather;
2020-08-04 23:35:01;2020-08-05 06:58:08;83%;85%;;0;0;Normal;100.4;;48.9;26586.7;23750.8;2835.9;2020-08-05 06:55:00;2020-08-05 07:05:00;true;386.0;32.0;No weather;
2020-08-06 00:05:19;2020-08-06 08:58:49;100%;83%;;0;0;Normal;100.9;;39.1;32010.3;28169.1;1280.4;2020-08-06 09:05:00;2020-08-06 09:15:00;true;492.0;32.0;No weather;
2020-08-07 00:52:12;2020-08-07 08:46:29;88%;81%;;0;0;Normal;101.0;;51.0;28456.4;23713.7;3035.3;2020-08-07 08:45:00;2020-08-07 08:55:00;true;0.0;32.0;No weather;
2020-08-09 23:55:41;2020-08-10 07:12:37;82%;79%;;0;0;Normal;100.9;;48.5;26215.8;21060.0;1398.2;2020-08-10 07:10:00;2020-08-10 07:20:00;true;62.0;32.0;No weather;
2020-08-11 00:36:26;2020-08-11 08:23:27;86%;34%;;0;0;Normal;100.6;;52.9;28020.6;22976.9;1961.4;2020-08-11 08:40:00;2020-08-11 08:50:00;false;0.0;32.0;No weather;
2020-08-12 00:41:50;2020-08-12 08:42:39;88%;91%;;0;0;Normal;100.6;;55.5;28848.4;24232.7;1538.6;2020-08-12 08:40:00;2020-08-12 08:50:00;true;113.0;32.0;No weather;
2020-08-13 01:19:27;2020-08-13 08:46:19;83%;92%;;0;0;Normal;100.9;;51.3;26811.0;23415.0;1608.7;2020-08-13 08:40:00;2020-08-13 08:50:00;true;915.0;32.0;No weather;
2020-08-14 00:53:54;2020-08-14 08:40:32;86%;95%;;0;0;Normal;100.8;;52.2;27998.7;23332.2;4013.1;2020-08-14 08:30:00;2020-08-14 08:40:00;true;499.0;32.0;No weather;
2020-08-17 07:56:55;2020-08-17 08:45:11;10%;0%;;0;0;Normal;100.5;;0.0;2896.6;2838.7;57.9;2020-08-17 08:35:00;2020-08-17 08:45:00;true;0.0;32.0;No weather;
2020-08-18 00:22:26;2020-08-18 08:38:56;92%;0%;;0;0;Normal;100.2;;49.8;29789.7;24824.7;2879.7;2020-08-18 08:35:00;2020-08-18 08:45:00;true;242.0;32.0;No weather;
2020-08-18 23:46:51;2020-08-19 07:18:28;79%;84%;;0;0;Normal;100.3;;64.9;27096.4;23031.9;4064.5;2020-08-19 07:15:00;2020-08-19 07:25:00;true;1283.0;32.0;No weather;
2020-08-19 23:38:20;2020-08-20 06:27:18;79%;88%;;0;0;Normal;100.7;;40.0;24538.4;21266.7;2781.0;2020-08-20 06:35:00;2020-08-20 06:45:00;true;3864.0;32.0;No weather;
2020-08-20 22:51:05;2020-08-21 07:33:38;66%;87%;;0;0;Normal;101.4;;132.4;31353.7;25501.0;5121.1;2020-08-21 08:25:00;2020-08-21 08:35:00;true;0.0;32.0;No weather;
2020-08-24 22:48:35;2020-08-25 05:15:35;0%;0%;;0;0;Normal;100.5;;0.0;0.0;19350.3;3870.1;2020-08-25 05:55:00;2020-08-25 06:05:00;false;0.0;32.0;No weather;
2020-08-26 00:18:25;2020-08-26 08:27:50;92%;61%;;0;0;Normal;100.3;;48.6;29365.4;24862.7;2153.5;2020-08-26 08:55:00;2020-08-26 09:05:00;true;983.0;32.0;No weather;
2020-08-27 00:52:01;2020-08-27 08:49:06;90%;77%;;0;0;Normal;100.3;;45.5;28625.7;28053.2;572.5;2020-08-27 08:55:00;2020-08-27 09:05:00;true;110.0;32.0;No weather;
2020-08-28 00:39:19;2020-08-28 08:32:01;86%;83%;;0;0;Normal;99.9;;56.7;28362.6;23162.8;1985.4;2020-08-28 08:55:00;2020-08-28 09:05:00;true;88.0;32.0;No weather;
2020-08-30 23:41:53;2020-08-31 07:04:15;84%;80%;;0;0;Normal;100.5;;44.2;26542.0;22472.2;2919.6;2020-08-31 07:00:00;2020-08-31 07:10:00;true;2340.0;32.0;No weather;
2020-09-01 00:06:46;2020-09-01 07:15:32;77%;95%;;0;0;Normal;101.0;;60.2;25726.0;23753.6;514.5;2020-09-01 07:05:00;2020-09-01 07:15:00;true;2976.0;32.0;No weather;
2020-09-02 01:18:16;2020-09-02 09:03:22;85%;85%;;0;0;Normal;100.9;;55.6;27905.9;22975.9;558.1;2020-09-02 09:00:00;2020-09-02 09:10:00;true;382.0;32.0;No weather;
2020-09-03 01:10:27;2020-09-03 08:35:04;82%;88%;;0;0;Normal;99.9;;53.2;26676.9;23475.6;1600.6;2020-09-03 08:40:00;2020-09-03 08:50:00;true;0.0;32.0;No weather;
2020-09-04 01:06:38;2020-09-04 09:00:59;85%;89%;;0;0;Normal;99.9;;60.2;28460.5;25993.9;569.2;2020-09-04 08:50:00;2020-09-04 09:00:00;true;473.0;32.0;No weather;
2020-09-05 01:07:50;2020-09-05 08:29:22;84%;95%;;0;0;Normal;100.9;;45.1;26491.1;21899.3;1854.4;2020-09-05 08:40:00;2020-09-05 08:50:00;true;320.0;32.0;No weather;
2020-09-06 23:42:09;2020-09-07 07:45:52;77%;89%;;0;0;Normal;101.1;;86.2;29023.3;25830.8;2612.1;2020-09-07 07:45:00;2020-09-07 07:55:00;true;409.0;32.0;No weather;
2020-09-07 22:30:33;2020-09-08 06:33:28;79%;81%;;0;0;Normal;97.5;;79.7;28974.3;24821.3;2028.2;2020-09-08 06:35:00;2020-09-08 06:45:00;true;0.0;32.0;No weather;
2020-09-14 00:33:09;2020-09-14 07:49:03;83%;0%;;0;0;Normal;100.8;;44.2;26153.9;23712.9;2441.0;2020-09-14 08:50:00;2020-09-14 09:00:00;true;0.0;32.0;No weather;
2020-09-15 01:01:24;2020-09-15 08:51:39;90%;87%;;0;0;Normal;101.5;;41.5;28215.3;25017.6;564.3;2020-09-15 08:50:00;2020-09-15 09:00:00;true;3045.9;32.0;No weather;
2020-09-16 00:49:17;2020-09-16 08:56:12;92%;93%;;0;0;Normal;101.6;;46.3;29215.4;24443.5;584.3;2020-09-16 08:50:00;2020-09-16 09:00:00;true;4463.1;32.0;No weather;
2020-09-17 01:30:08;2020-09-17 08:51:29;84%;93%;;0;0;Normal;100.8;;43.5;26481.8;22333.0;2383.4;2020-09-17 08:50:00;2020-09-17 09:00:00;true;3304.0;32.0;No weather;
2020-09-18 00:55:31;2020-09-18 08:39:19;84%;95%;;0;0;Normal;100.3;;55.9;27827.6;22725.8;2040.7;2020-09-18 08:30:00;2020-09-18 08:40:00;true;874.2;32.0;No weather;
2020-09-21 01:02:05;2020-09-21 08:48:19;88%;98%;;0;0;Normal;102.3;;44.3;27973.5;27414.1;559.5;2020-09-21 08:45:00;2020-09-21 08:55:00;true;2759.9;32.0;No weather;
2020-09-21 23:35:24;2020-09-22 06:57:43;84%;73%;;0;0;Normal;101.7;;45.2;26538.1;23442.0;2211.5;2020-09-22 06:50:00;2020-09-22 07:00:00;true;2296.6;32.0;No weather;
2020-09-23 00:42:38;2020-09-23 08:26:47;92%;75%;;0;0;Normal;100.2;;31.3;27848.9;21629.3;2599.2;2020-09-23 08:30:00;2020-09-23 08:40:00;true;3014.8;32.0;No weather;
2020-09-24 00:53:28;2020-09-24 09:00:58;93%;82%;;0;0;Normal;100.2;;42.8;29250.1;25740.1;585.0;2020-09-24 08:55:00;2020-09-24 09:05:00;true;2251.7;32.0;No weather;
2020-09-25 01:12:32;2020-09-25 08:59:11;87%;90%;;0;0;Normal;100.6;;47.4;27999.2;24639.3;2053.3;2020-09-25 08:55:00;2020-09-25 09:05:00;true;1320.4;32.0;No weather;
2020-09-28 00:35:20;2020-09-28 08:26:57;95%;90%;;0;0;Normal;100.1;;28.5;28296.9;21034.1;3584.3;2020-09-28 08:25:00;2020-09-28 08:35:00;true;0.0;32.0;No weather;
2020-09-28 23:13:46;2020-09-29 05:17:28;68%;62%;;0;0;Normal;100.2;;46.9;21822.3;20003.8;1818.5;2020-09-29 05:15:00;2020-09-29 05:25:00;true;79.5;32.0;No weather;
2020-09-30 00:16:44;2020-09-30 07:32:23;83%;67%;;0;0;Normal;99.2;;44.1;26139.7;22741.6;522.8;2020-09-30 07:25:00;2020-09-30 07:35:00;true;669.8;32.0;No weather;
2020-10-01 00:26:22;2020-10-01 08:22:26;89%;76%;;0;0;Normal;100.1;;46.6;28564.1;23422.6;1523.4;2020-10-01 08:30:00;2020-10-01 08:40:00;true;4442.2;32.0;No weather;
2020-10-01 23:28:47;2020-10-02 08:19:35;81%;85%;;0;0;Normal;100.4;;94.5;31848.8;25797.6;1274.0;2020-10-02 08:20:00;2020-10-02 08:30:00;true;515.4;32.0;No weather;
2020-10-03 00:12:55;2020-10-03 08:20:03;78%;92%;;0;0;Normal;100.8;;85.2;29228.3;25136.3;2728.0;2020-10-03 08:20:00;2020-10-03 08:30:00;true;2331.2;32.0;No weather;
2020-10-03 22:24:30;2020-10-04 05:56:43;71%;83%;;0;0;Normal;99.8;;88.8;27133.4;24329.6;1989.8;2020-10-04 05:55:00;2020-10-04 06:05:00;true;6535.2;32.0;No weather;
2020-10-04 15:58:34;2020-10-04 16:25:18;6%;39%;;0;0;Normal;99.5;;0.0;1604.2;1572.1;32.1;2020-10-04 16:20:00;2020-10-04 16:30:00;true;0.0;32.0;No weather;
2020-10-04 22:22:03;2020-10-05 06:31:18;74%;85%;;0;0;Normal;99.5;;96.7;29355.3;25147.7;1957.0;2020-10-05 06:30:00;2020-10-05 06:40:00;true;6774.1;32.0;No weather;
2020-10-05 22:17:39;2020-10-06 06:30:57;80%;86%;;0;0;Normal;99.5;;81.5;29597.8;23185.0;2762.5;2020-10-06 06:30:00;2020-10-06 06:40:00;true;7893.4;32.0;No weather;
2020-10-06 22:26:01;2020-10-07 06:31:22;72%;98%;;0;0;Normal;98.6;;101.8;29121.2;24558.9;1650.2;2020-10-07 06:30:00;2020-10-07 06:40:00;true;5318.1;32.0;No weather;
2020-10-07 22:42:17;2020-10-08 06:35:31;68%;98%;;0;0;Normal;98.0;;107.1;28393.6;24797.1;1892.9;2020-10-08 06:30:00;2020-10-08 06:40:00;true;6884.5;32.0;No weather;
2020-10-08 22:46:13;2020-10-09 08:14:17;89%;94%;;0;0;Normal;101.0;;79.3;34083.8;27948.7;2726.7;2020-10-09 08:30:00;2020-10-09 08:40:00;true;4339.1;32.0;No weather;
2020-10-12 00:41:51;2020-10-12 08:30:53;90%;82%;;0;0;Normal;101.1;;40.5;28142.2;22795.2;4033.7;2020-10-12 08:35:00;2020-10-12 08:45:00;true;2650.5;32.0;No weather;
2020-10-13 01:14:13;2020-10-13 08:48:29;87%;93%;;0;0;Normal;100.4;;40.7;27256.1;26711.0;545.1;2020-10-13 08:40:00;2020-10-13 08:50:00;true;4114.8;32.0;No weather;
2020-10-14 01:57:22;2020-10-14 09:00:45;85%;93%;;0;0;Normal;100.3;;29.0;25403.0;21253.9;4149.2;2020-10-14 09:00:00;2020-10-14 09:10:00;true;1175.7;32.0;No weather;
2020-10-15 00:30:57;2020-10-15 08:56:43;100%;91%;;0;0;Normal;100.6;;29.1;30346.3;26502.4;809.2;2020-10-15 08:50:00;2020-10-15 09:00:00;true;5697.2;32.0;No weather;
2020-10-16 00:26:10;2020-10-16 01:00:31;7%;71%;;0;0;Normal;100.4;;0.0;2060.8;501.5;41.2;2020-10-16 06:50:00;2020-10-16 07:00:00;true;0.0;32.0;No weather;
2020-10-16 01:00:39;2020-10-16 07:14:32;71%;87%;;0;0;Normal;100.4;;44.7;22433.2;20713.3;1719.9;2020-10-16 07:05:00;2020-10-16 07:15:00;true;2328.6;32.0;No weather;
2020-10-19 00:51:39;2020-10-19 07:15:17;73%;99%;;0;0;Normal;101.7;;43.3;23017.9;20025.5;1074.2;2020-10-19 07:05:00;2020-10-19 07:15:00;true;2646.3;32.0;No weather;
2020-10-20 00:22:10;2020-10-20 07:08:27;78%;95%;;0;0;Normal;101.4;;40.8;24376.7;21939.0;1543.9;2020-10-20 07:05:00;2020-10-20 07:15:00;true;2185.9;32.0;No weather;
2020-10-21 01:01:40;2020-10-21 08:17:58;86%;90%;;0;0;Normal;101.4;;34.2;26177.7;21029.4;2268.7;2020-10-21 08:10:00;2020-10-21 08:20:00;true;1974.4;32.0;No weather;
2020-10-22 01:33:39;2020-10-22 09:12:54;90%;89%;;0;0;Normal;101.2;;34.3;27554.8;25442.3;1561.4;2020-10-22 09:10:00;2020-10-22 09:20:00;true;2527.2;32.0;No weather;
2020-10-23 01:31:02;2020-10-23 09:14:45;86%;91%;;0;0;Normal;101.2;;47.8;27823.0;25597.1;2225.8;2020-10-23 09:10:00;2020-10-23 09:20:00;true;2578.4;32.0;No weather;
2020-10-26 01:04:32;2020-10-26 07:36:18;77%;83%;;0;0;Normal;101.2;;34.8;23506.2;19040.0;2037.2;2020-10-26 07:25:00;2020-10-26 07:35:00;true;3536.9;32.0;No weather;
2020-10-27 01:03:53;2020-10-27 08:39:41;89%;91%;;0;0;Normal;100.8;;36.5;27347.8;24886.5;1914.3;2020-10-27 08:30:00;2020-10-27 08:40:00;true;3800.4;32.0;No weather;
2020-10-28 01:08:13;2020-10-28 08:50:00;88%;95%;;0;0;Normal;100.9;;42.4;27706.8;24382.0;3324.8;2020-10-28 08:40:00;2020-10-28 08:50:00;true;2207.8;32.0;No weather;
2020-10-29 01:17:38;2020-10-29 08:55:21;87%;96%;;0;0;Normal;100.3;;41.6;27462.9;22061.9;2654.7;2020-10-29 08:50:00;2020-10-29 09:00:00;true;1383.6;32.0;No weather;
2020-10-30 01:41:00;2020-10-30 08:53:19;86%;97%;;0;0;Normal;99.3;;31.6;25938.9;22134.5;2075.1;2020-10-30 08:50:00;2020-10-30 09:00:00;true;2618.1;32.0;No weather;
2020-11-01 23:51:55;2020-11-02 06:46:51;76%;76%;;0;0;Normal;99.3;;52.0;24895.8;22987.1;1908.7;2020-11-02 06:45:00;2020-11-02 06:55:00;true;239.8;32.0;No weather;
2020-11-03 01:17:50;2020-11-03 08:59:59;89%;78%;;0;0;Normal;100.0;;39.5;27729.8;27175.2;554.6;2020-11-03 08:50:00;2020-11-03 09:00:00;true;2796.1;32.0;No weather;
2020-11-04 01:43:29;2020-11-04 08:45:31;79%;86%;;0;0;Normal;101.7;;46.0;25322.6;20849.0;2785.5;2020-11-04 08:50:00;2020-11-04 09:00:00;true;1317.2;32.0;No weather;
2020-11-05 01:34:15;2020-11-05 08:51:45;80%;90%;;0;0;Normal;102.0;;53.4;26250.9;25725.9;525.0;2020-11-05 08:50:00;2020-11-05 09:00:00;true;3920.8;32.0;No weather;
2020-11-06 01:07:37;2020-11-06 08:58:16;87%;96%;;0;0;Normal;101.5;;50.3;28239.2;24285.7;3953.5;2020-11-06 08:50:00;2020-11-06 09:00:00;true;6310.7;32.0;No weather;
2020-11-09 00:25:34;2020-11-09 08:30:59;93%;90%;;0;0;Normal;101.6;;39.7;29124.6;26503.4;2621.2;2020-11-09 08:30:00;2020-11-09 08:40:00;true;2049.8;32.0;No weather;
2020-11-10 00:33:35;2020-11-10 08:25:51;88%;98%;;0;0;Normal;101.3;;48.4;28335.3;25596.2;1416.8;2020-11-10 08:25:00;2020-11-10 08:35:00;true;526.9;32.0;No weather;
2020-11-11 02:11:46;2020-11-11 09:04:28;79%;90%;;0;0;Normal;100.8;;38.7;24761.3;21707.4;1485.7;2020-11-11 08:55:00;2020-11-11 09:05:00;true;1132.2;32.0;No weather;
2020-11-12 01:24:02;2020-11-12 08:56:41;85%;90%;;0;0;Normal;100.2;;44.2;27159.6;20369.7;543.2;2020-11-12 08:55:00;2020-11-12 09:05:00;true;1554.0;32.0;No weather;
2020-11-13 01:14:30;2020-11-13 08:58:55;88%;91%;;0;0;Normal;100.6;;43.8;27864.9;23313.7;3994.0;2020-11-13 08:55:00;2020-11-13 09:05:00;true;94.8;32.0;No weather;
2020-11-16 01:30:11;2020-11-16 08:48:09;86%;96%;;0;0;Normal;99.8;;34.0;26277.5;21897.9;3678.9;2020-11-16 08:55:00;2020-11-16 09:05:00;true;2918.5;32.0;No weather;
2020-11-17 01:29:07;2020-11-17 08:55:38;81%;99%;;0;0;Normal;100.4;;54.9;26791.1;23040.4;2768.4;2020-11-17 08:55:00;2020-11-17 09:05:00;true;2149.0;32.0;No weather;
2020-11-18 00:47:43;2020-11-18 07:40:10;79%;91%;;0;0;Normal;101.2;;40.7;24747.1;21777.5;1897.3;2020-11-18 07:35:00;2020-11-18 07:45:00;true;1737.2;32.0;No weather;
2020-11-19 00:23:57;2020-11-19 08:45:45;95%;90%;;0;0;Normal;102.5;;43.6;30108.0;27699.3;1505.4;2020-11-19 08:55:00;2020-11-19 09:05:00;true;1287.2;32.0;No weather;
2020-11-20 00:14:20;2020-11-20 08:18:55;73%;89%;;0;0;Normal;102.5;;96.1;29074.9;25004.4;1938.3;2020-11-20 08:15:00;2020-11-20 08:25:00;true;475.0;32.0;No weather;
2020-11-23 01:08:20;2020-11-23 07:55:18;76%;89%;;0;0;Normal;100.5;;45.3;24418.2;22139.2;1465.1;2020-11-23 08:30:00;2020-11-23 08:40:00;true;3712.9;32.0;No weather;
2020-11-23 07:57:44;2020-11-23 08:33:47;8%;-48%;;0;0;Normal;100.0;;0.0;2163.5;2120.2;43.3;2020-11-23 08:30:00;2020-11-23 08:40:00;true;69.4;32.0;No weather;
2020-11-24 00:13:32;2020-11-24 07:10:49;79%;86%;;0;0;Normal;101.0;;42.1;25037.3;22032.9;3004.5;2020-11-24 07:05:00;2020-11-24 07:15:00;true;2870.2;32.0;No weather;
2020-11-25 00:16:56;2020-11-25 00:38:57;5%;66%;;0;0;Normal;101.8;;0.0;1320.6;1294.1;26.4;2020-11-25 08:45:00;2020-11-25 08:55:00;false;0.0;32.0;No weather;
2020-11-25 00:39:31;2020-11-25 08:54:37;90%;84%;;0;0;Normal;101.8;;53.3;29706.3;25943.5;2178.5;2020-11-25 08:45:00;2020-11-25 08:55:00;true;1891.0;32.0;No weather;
2020-11-26 23:54:30;2020-11-27 08:41:02;81%;87%;;0;0;Normal;100.7;;91.5;31592.3;27380.0;1579.6;2020-11-27 08:35:00;2020-11-27 08:45:00;true;4610.5;32.0;No weather;
2020-11-30 00:22:37;2020-11-30 07:32:23;79%;87%;;0;0;Normal;100.7;;49.8;25785.9;23293.3;515.7;2020-11-30 07:25:00;2020-11-30 07:35:00;true;1560.1;32.0;No weather;
2020-11-30 23:22:17;2020-12-01 06:20:06;78%;82%;;0;0;Normal;98.2;;44.8;25069.2;22813.0;2256.2;2020-12-01 06:15:00;2020-12-01 06:25:00;true;1590.3;32.0;No weather;
2020-12-02 01:26:17;2020-12-02 08:52:34;85%;72%;;0;0;Normal;99.9;;41.5;26776.9;23831.4;1963.6;2020-12-02 08:50:00;2020-12-02 09:00:00;true;3895.4;32.0;No weather;
2020-12-03 00:41:29;2020-12-03 07:42:54;79%;76%;;0;0;Normal;101.0;;43.6;25284.9;23430.7;1264.2;2020-12-03 07:40:00;2020-12-03 07:50:00;true;3001.9;32.0;No weather;
2020-12-04 01:06:07;2020-12-04 08:34:43;83%;78%;;0;0;Normal;100.9;;49.7;26915.1;22429.3;2332.6;2020-12-04 08:30:00;2020-12-04 08:40:00;true;4368.2;32.0;No weather;
2020-12-07 01:10:49;2020-12-07 08:30:40;79%;99%;;0;0;Normal;99.9;;54.6;26391.2;21552.8;1407.5;2020-12-07 08:40:00;2020-12-07 08:50:00;true;1938.2;32.0;No weather;
2020-12-07 08:31:02;2020-12-07 08:53:33;5%;-42%;;0;0;Normal;99.9;;0.0;1351.6;1324.6;27.0;2020-12-07 08:50:00;2020-12-07 09:00:00;true;91.3;32.0;No weather;
2020-12-08 00:26:04;2020-12-08 09:00:21;92%;90%;;0;0;Normal;99.5;;55.8;30856.9;26331.2;4525.7;2020-12-08 08:50:00;2020-12-08 09:00:00;true;4115.8;32.0;No weather;
2020-12-09 01:25:26;2020-12-09 01:43:26;4%;60%;;0;0;Normal;100.0;;0.0;1080.5;1058.9;21.6;2020-12-09 08:50:00;2020-12-09 09:00:00;false;0.0;32.0;No weather;
2020-12-09 01:45:27;2020-12-09 08:53:49;80%;89%;;0;0;Normal;100.0;;45.7;25701.4;22702.9;1799.1;2020-12-09 08:50:00;2020-12-09 09:00:00;true;1695.2;32.0;No weather;
2020-12-10 01:25:24;2020-12-10 08:53:10;85%;92%;;0;0;Normal;100.0;;42.8;26866.0;25522.7;1343.3;2020-12-10 08:50:00;2020-12-10 09:00:00;true;2146.5;32.0;No weather;
2020-12-11 02:34:23;2020-12-11 09:29:31;79%;90%;;0;0;Normal;101.2;;41.6;24908.6;22417.7;2490.9;2020-12-11 09:20:00;2020-12-11 09:30:00;true;1211.1;32.0;No weather;
2020-12-14 00:57:14;2020-12-14 08:10:46;79%;76%;;0;0;Normal;100.5;;51.9;26012.2;21330.0;1734.1;2020-12-14 08:15:00;2020-12-14 08:25:00;true;853.4;32.0;No weather;
2020-12-15 01:12:39;2020-12-15 08:49:49;83%;92%;;0;0;Normal;100.8;;53.1;27430.0;22492.6;2377.3;2020-12-15 08:40:00;2020-12-15 08:50:00;true;1558.2;32.0;No weather;
2020-12-16 00:32:08;2020-12-16 08:05:43;83%;90%;;0;0;Normal;101.7;;51.9;27214.1;23222.7;3084.3;2020-12-16 08:00:00;2020-12-16 08:10:00;true;1525.8;32.0;No weather;
2020-12-17 02:01:39;2020-12-17 08:50:47;74%;87%;;0;0;Normal;99.5;;54.1;24547.8;20047.4;1963.8;2020-12-17 08:50:00;2020-12-17 09:00:00;true;3008.8;32.0;No weather;
2020-12-18 01:03:32;2020-12-18 08:59:33;88%;87%;;0;0;Normal;100.9;;49.0;28560.2;24847.4;571.2;2020-12-18 08:50:00;2020-12-18 09:00:00;true;1625.2;32.0;No weather;
2020-12-21 00:26:27;2020-12-21 08:27:27;87%;90%;;0;0;Normal;100.3;;53.2;28860.4;25878.2;577.2;2020-12-21 08:50:00;2020-12-21 09:00:00;false;0.0;32.0;No weather;
2020-12-22 00:50:51;2020-12-22 08:52:24;85%;93%;;0;0;Normal;99.4;;60.5;28892.5;24366.0;577.9;2020-12-22 08:50:00;2020-12-22 09:00:00;true;2932.4;32.0;No weather;
2020-12-23 01:39:44;2020-12-23 08:46:48;81%;93%;;0;0;Normal;101.3;;41.5;25624.8;20756.1;2306.2;2020-12-23 08:50:00;2020-12-23 09:00:00;true;1645.3;32.0;No weather;
2020-12-24 00:14:25;2020-12-24 07:31:59;67%;88%;;0;0;Normal;101.4;;90.8;26254.2;24416.4;1837.8;2020-12-24 07:30:00;2020-12-24 07:40:00;true;2555.2;32.0;No weather;
2020-12-29 01:27:41;2020-12-29 08:39:30;82%;0%;;0;0;Normal;101.1;;40.8;25909.3;20295.6;3454.6;2020-12-29 09:10:00;2020-12-29 09:20:00;true;922.0;32.0;No weather;
2021-01-04 01:33:49;2021-01-04 09:20:02;85%;0%;;0;0;Normal;100.3;;52.9;27972.6;26480.7;1491.9;2021-01-04 09:10:00;2021-01-04 09:20:00;true;3889.8;32.0;No weather;
2021-01-05 01:18:09;2021-01-05 09:05:45;88%;96%;;0;0;Normal;100.2;;44.1;28055.9;24782.7;1870.4;2021-01-05 09:00:00;2021-01-05 09:10:00;true;3573.7;32.0;No weather;
2021-01-06 00:52:50;2021-01-06 09:03:49;85%;96%;;0;0;Normal;100.2;;64.9;29458.7;25138.1;4320.6;2021-01-06 09:00:00;2021-01-06 09:10:00;true;3139.0;32.0;No weather;
2021-01-07 01:37:55;2021-01-07 08:59:33;84%;95%;;0;0;Normal;100.7;;40.2;26498.8;22347.3;1943.2;2021-01-07 09:05:00;2021-01-07 09:15:00;true;2870.5;32.0;No weather;
2021-01-08 01:28:38;2021-01-08 08:44:11;80%;95%;;0;0;Normal;100.7;;50.5;26133.0;23084.2;2177.8;2021-01-08 08:55:00;2021-01-08 09:05:00;true;5463.4;32.0;No weather;
2021-01-11 01:21:03;2021-01-11 09:01:39;85%;97%;;0;0;Normal;101.5;;48.5;27635.7;23306.1;1013.3;2021-01-11 08:55:00;2021-01-11 09:05:00;true;3298.6;32.0;No weather;
2021-01-12 00:37:47;2021-01-12 08:42:49;88%;91%;;0;0;Normal;100.9;;53.4;29101.8;24639.5;2522.2;2021-01-12 08:40:00;2021-01-12 08:50:00;true;3445.3;32.0;No weather;
2021-01-13 01:25:54;2021-01-13 08:46:39;82%;92%;;0;0;Normal;100.7;;46.2;26445.5;25563.9;881.5;2021-01-13 08:50:00;2021-01-13 09:00:00;true;3312.5;32.0;No weather;
2021-01-14 01:06:40;2021-01-14 08:46:37;82%;94%;;0;0;Normal;100.0;;57.6;27596.8;25021.1;1103.9;2021-01-14 08:50:00;2021-01-14 09:00:00;true;2998.5;32.0;No weather;
2021-01-15 01:26:32;2021-01-15 08:51:11;85%;96%;;0;0;Normal;100.1;;40.3;26678.5;24366.4;1689.6;2021-01-15 09:05:00;2021-01-15 09:05:00;true;1210.7;32.0;No weather;
2021-01-19 01:14:38;2021-01-19 08:45:32;84%;0%;;0;0;Normal;100.4;;45.3;27054.6;23537.5;3517.1;2021-01-19 09:00:00;2021-01-19 09:10:00;true;755.3;32.0;No weather;
2021-01-20 01:53:04;2021-01-20 08:59:49;82%;93%;;0;0;Normal;100.4;;38.2;25605.4;18265.2;3670.1;2021-01-20 09:10:00;2021-01-20 09:20:00;true;2346.5;32.0;No weather;
2021-01-21 00:51:34;2021-01-21 09:02:43;92%;92%;;0;0;Normal;100.5;;44.8;29469.3;28094.1;589.4;2021-01-21 09:00:00;2021-01-21 09:10:00;true;2103.5;32.0;No weather;
2021-01-22 01:18:44;2021-01-22 09:05:28;79%;93%;;0;0;Normal;99.1;;69.7;28003.3;23709.5;4293.8;2021-01-22 09:10:00;2021-01-22 09:10:00;true;1426.3;32.0;No weather;
2021-01-25 01:21:44;2021-01-25 08:56:32;84%;98%;;0;0;Normal;100.8;;49.4;27287.8;24104.2;1364.4;2021-01-25 09:10:00;2021-01-25 09:10:00;true;1684.5;32.0;No weather;
2021-01-26 01:13:56;2021-01-26 08:56:09;85%;99%;;0;0;Normal;100.6;;48.0;27733.7;24960.4;554.7;2021-01-26 09:10:00;2021-01-26 09:10:00;true;1825.6;32.0;No weather;
2021-01-27 01:26:07;2021-01-27 08:52:54;81%;98%;;0;0;Normal;100.0;;53.8;26806.9;21356.2;536.1;2021-01-27 09:10:00;2021-01-27 09:10:00;true;1263.9;32.0;No weather;
2021-01-28 01:12:18;2021-01-28 08:14:55;79%;97%;;0;0;Normal;100.7;;45.7;25357.4;19018.1;3972.7;2021-01-28 08:15:00;2021-01-28 08:15:00;true;886.9;32.0;No weather;
2021-01-29 00:57:04;2021-01-29 08:28:31;86%;96%;;0;0;Normal;100.9;;40.9;27086.8;22301.5;1805.8;2021-01-29 09:00:00;2021-01-29 09:00:00;true;5171.5;32.0;No weather;
2021-02-01 01:33:45;2021-02-01 08:48:29;75%;92%;;0;0;Normal;100.5;;63.3;26084.0;24518.9;521.7;2021-02-01 09:15:00;2021-02-01 09:15:00;true;3024.7;32.0;No weather;
2021-02-02 01:21:44;2021-02-02 08:59:15;86%;97%;;0;0;Normal;98.8;;44.2;27451.3;24889.2;1738.6;2021-02-02 09:15:00;2021-02-02 09:15:00;true;5140.1;32.0;No weather;
2021-02-03 01:30:36;2021-02-03 09:15:13;85%;97%;;0;0;Normal;98.5;;50.2;27876.9;21372.3;3716.9;2021-02-03 09:15:00;2021-02-03 09:15:00;true;6289.9;32.0;No weather;
2021-02-04 01:06:00;2021-02-04 09:15:06;90%;97%;;0;0;Normal;99.6;;47.7;29345.8;25628.6;1858.6;2021-02-04 09:15:00;2021-02-04 09:15:00;true;3849.0;32.0;No weather;
2021-02-05 01:14:04;2021-02-05 08:20:54;75%;95%;;0;0;Normal;99.9;;58.6;25609.7;23646.3;512.2;2021-02-05 09:15:00;2021-02-05 09:15:00;true;1796.8;32.0;No weather;
2021-02-07 22:55:20;2021-02-08 07:47:48;91%;76%;;0;0;Normal;100.7;;66.3;31948.0;25664.9;4153.2;2021-02-08 08:00:00;2021-02-08 08:10:00;true;3214.9;32.0;No weather;
2021-02-08 22:40:43;2021-02-09 07:36:50;80%;96%;;0;0;Normal;101.8;;94.4;32166.6;28199.4;2358.9;2021-02-09 07:30:00;2021-02-09 07:40:00;true;3170.0;32.0;No weather;
2021-02-09 22:18:18;2021-02-10 07:29:11;76%;96%;;0;0;Normal;101.1;;107.6;33053.8;27765.2;5288.6;2021-02-10 07:25:00;2021-02-10 07:35:00;true;3185.6;32.0;No weather;
2021-02-12 00:18:04;2021-02-12 08:16:26;72%;86%;;0;0;Normal;101.5;;92.8;28701.1;24013.2;574.0;2021-02-12 08:40:00;2021-02-12 08:50:00;true;2184.2;32.0;No weather;
2021-02-16 00:25:32;2021-02-16 08:29:54;81%;0%;;0;0;Normal;100.2;;71.4;29062.0;25477.7;581.2;2021-02-16 08:30:00;2021-02-16 08:30:00;true;843.9;32.0;No weather;
2021-02-16 22:38:38;2021-02-17 07:33:13;76%;77%;;0;0;Normal;100.4;;104.7;32075.2;26622.4;641.5;2021-02-17 07:40:00;2021-02-17 07:40:00;true;2988.5;32.0;No weather;
2021-02-17 22:38:13;2021-02-18 08:33:38;84%;84%;;0;0;Normal;102.0;;86.5;35725.2;28699.2;3691.6;2021-02-18 08:40:00;2021-02-18 08:40:00;true;3365.3;32.0;No weather;
2021-02-19 00:10:05;2021-02-19 08:33:08;81%;85%;;0;0;Normal;101.2;;80.4;30183.1;29579.5;603.7;2021-02-19 08:40:00;2021-02-19 08:40:00;true;1157.1;32.0;No weather;
2021-02-23 00:14:43;2021-02-23 07:43:49;84%;0%;;0;0;Normal;99.6;;46.3;26945.6;21646.3;1976.0;2021-02-23 07:55:00;2021-02-23 07:55:00;true;3371.0;32.0;No weather;
2021-02-24 01:08:17;2021-02-24 08:48:17;88%;84%;;0;0;Normal;100.2;;40.5;27599.7;22447.7;4140.0;2021-02-24 08:55:00;2021-02-24 08:55:00;true;5404.7;32.0;No weather;
2021-02-25 00:16:02;2021-02-25 08:37:08;94%;87%;;0;0;Normal;99.6;;43.3;30065.4;25054.5;3006.5;2021-02-25 08:55:00;2021-02-25 08:55:00;true;2137.2;32.0;No weather;
2021-03-01 01:13:37;2021-03-01 08:55:41;85%;0%;;0;0;Normal;99.9;;50.4;27724.4;25414.0;554.5;2021-03-01 08:55:00;2021-03-01 08:55:00;true;6160.7;32.0;No weather;
2021-03-02 00:17:26;2021-03-02 08:15:25;85%;87%;;0;0;Normal;100.2;;56.2;28678.3;24280.9;1529.5;2021-03-02 08:15:00;2021-03-02 08:15:00;true;5976.4;32.0;No weather;
2021-03-03 01:13:20;2021-03-03 08:56:07;85%;87%;;0;0;Normal;100.6;;49.4;27767.1;25453.2;2313.9;2021-03-03 08:55:00;2021-03-03 08:55:00;true;4971.1;32.0;No weather;
2021-03-04 01:05:13;2021-03-04 08:52:38;87%;91%;;0;0;Normal;99.9;;47.3;28044.6;23557.4;2711.0;2021-03-04 08:55:00;2021-03-04 08:55:00;true;2737.1;32.0;No weather;
2021-03-05 01:08:01;2021-03-05 08:45:30;82%;95%;;0;0;Normal;100.1;;54.2;27448.7;23514.3;2744.9;2021-03-05 08:55:00;2021-03-05 08:55:00;true;2524.0;32.0;No weather;
2021-03-08 01:12:39;2021-03-08 08:48:29;85%;99%;;0;0;Normal;101.8;;46.6;27349.6;25343.9;2005.6;2021-03-08 08:50:00;2021-03-08 08:50:00;true;4609.7;32.0;No weather;
2021-03-09 01:10:54;2021-03-09 08:50:43;86%;99%;;0;0;Normal;101.6;;43.5;27588.8;21059.4;2299.1;2021-03-09 08:50:00;2021-03-09 08:50:00;true;2100.1;32.0;No weather;
2021-03-10 00:32:56;2021-03-10 08:29:54;89%;96%;;0;0;Normal;101.9;;44.3;28617.4;24897.2;1049.3;2021-03-10 08:30:00;2021-03-10 08:30:00;true;2957.0;32.0;No weather;
2021-03-11 00:49:54;2021-03-11 07:45:55;80%;94%;;0;0;Normal;101.7;;38.8;24960.9;24461.6;499.2;2021-03-11 07:45:00;2021-03-11 07:45:00;true;1445.4;32.0;No weather;
2021-03-12 00:33:22;2021-03-12 08:22:33;87%;92%;;0;0;Normal;100.7;;48.1;28150.6;25147.9;1782.9;2021-03-12 08:45:00;2021-03-12 08:45:00;true;1731.7;32.0;No weather;
2021-03-15 00:44:17;2021-03-15 08:05:40;84%;91%;;0;0;Normal;101.1;;38.9;26483.6;23305.5;2560.1;2021-03-15 08:05:00;2021-03-15 08:05:00;true;2024.6;32.0;No weather;
2021-03-16 00:49:24;2021-03-16 08:55:35;90%;84%;;0;0;Normal;101.6;;46.6;29170.7;25767.4;1944.7;2021-03-16 08:55:00;2021-03-16 08:55:00;true;4114.6;32.0;No weather;
2021-03-17 00:55:40;2021-03-17 08:55:04;88%;92%;;0;0;Normal;101.0;;48.8;28764.9;23874.8;958.8;2021-03-17 08:55:00;2021-03-17 08:55:00;true;2218.9;32.0;No weather;
2021-03-18 00:10:14;2021-03-18 07:49:38;86%;89%;;0;0;Normal;100.8;;43.6;27564.1;26002.1;551.3;2021-03-18 07:55:00;2021-03-18 07:55:00;true;3701.2;32.0;No weather;
2021-03-19 01:32:14;2021-03-19 08:36:21;79%;89%;;0;0;Normal;100.0;;46.1;25447.3;21630.2;508.9;2021-03-19 08:55:00;2021-03-19 08:55:00;true;3191.2;32.0;No weather;
2021-03-22 01:09:07;2021-03-22 01:44:07;8%;40%;;0;0;Normal;102.0;;0.0;2100.6;0.0;0.0;2021-03-22 08:55:00;2021-03-22 08:55:00;false;0.0;32.0;No weather;
2021-03-22 01:44:47;2021-03-22 08:53:43;84%;96%;;0;0;Normal;102.0;;31.4;25736.1;20331.5;2144.7;2021-03-22 08:55:00;2021-03-22 08:55:00;true;1248.0;32.0;No weather;
2021-03-23 00:46:37;2021-03-23 08:53:25;88%;92%;;0;0;Normal;101.5;;53.3;29207.6;25410.6;584.2;2021-03-23 08:55:00;2021-03-23 08:55:00;true;94.0;32.0;No weather;
2021-03-24 00:26:05;2021-03-24 08:02:07;87%;91%;;0;0;Normal;101.2;;39.6;27361.3;23439.5;2918.5;2021-03-24 08:05:00;2021-03-24 08:05:00;true;1608.0;32.0;No weather;
2021-03-25 00:46:39;2021-03-25 08:53:18;92%;91%;;0;0;Normal;100.5;;42.3;29199.1;24819.3;2238.6;2021-03-25 09:05:00;2021-03-25 09:05:00;true;3618.0;32.0;No weather;
2021-03-26 00:53:30;2021-03-26 08:42:21;89%;93%;;0;0;Normal;100.2;;41.1;28130.8;24473.8;2531.8;2021-03-26 09:05:00;2021-03-26 09:05:00;true;423.0;32.0;No weather;
2021-03-29 01:27:54;2021-03-29 08:52:45;85%;94%;;0;0;Normal;99.3;;39.1;26691.0;25356.4;533.8;2021-03-29 08:55:00;2021-03-29 08:55:00;true;1014.0;32.0;No weather;
2021-03-30 00:47:53;2021-03-30 08:15:37;82%;89%;;0;0;Normal;101.5;;48.8;26863.2;20863.8;2149.1;2021-03-30 08:15:00;2021-03-30 08:15:00;true;2583.0;32.0;No weather;
2021-03-31 01:04:53;2021-03-31 08:38:57;88%;92%;;0;0;Normal;101.3;;35.5;27243.7;24791.8;544.9;2021-03-31 08:40:00;2021-03-31 08:40:00;true;1102.0;32.0;No weather;
2021-04-01 01:23:15;2021-04-01 08:46:53;87%;93%;;0;0;Normal;99.7;;30.7;26617.8;22181.5;1685.8;2021-04-01 08:55:00;2021-04-01 08:55:00;true;1209.0;32.0;No weather;
2021-04-02 01:17:14;2021-04-02 09:05:40;89%;96%;;0;0;Normal;100.7;;40.9;28105.8;25857.3;1405.3;2021-04-02 09:05:00;2021-04-02 09:05:00;true;785.0;32.0;No weather;
2021-04-02 23:45:19;2021-04-03 08:55:51;79%;93%;;0;0;Normal;101.5;;98.8;33031.9;30609.6;1651.6;2021-04-03 09:10:00;2021-04-03 09:10:00;true;1327.0;32.0;No weather;
2021-04-05 01:17:37;2021-04-05 08:48:09;85%;86%;;0;0;Normal;100.5;;43.1;27031.4;23967.9;2162.5;2021-04-05 09:00:00;2021-04-05 09:00:00;true;1915.0;32.0;No weather;
2021-04-06 00:31:21;2021-04-06 08:00:52;85%;87%;;0;0;Normal;100.4;;42.1;26970.5;23644.1;1798.0;2021-04-06 08:05:00;2021-04-06 08:05:00;true;1123.0;32.0;No weather;
2021-04-07 00:47:32;2021-04-07 08:33:32;88%;90%;;0;0;Normal;100.4;;41.6;27960.5;25723.6;559.2;2021-04-07 08:40:00;2021-04-07 08:40:00;false;0.0;32.0;No weather;
2021-04-08 01:07:18;2021-04-08 09:00:42;89%;91%;;0;0;Normal;100.7;;42.1;28403.6;24711.2;757.4;2021-04-08 09:00:00;2021-04-08 09:00:00;true;2498.0;32.0;No weather;
2021-04-09 01:12:06;2021-04-09 09:00:30;87%;95%;;0;0;Normal;100.9;;44.9;28103.5;24824.8;2623.0;2021-04-09 09:00:00;2021-04-09 09:00:00;true;2193.0;32.0;No weather;
2021-04-11 00:53:12;2021-04-11 09:51:03;85%;95%;;0;0;No alarm;100.3;;82.0;32270.5;26999.6;2474.1;;;true;415.0;32.0;No weather;
2021-04-12 01:32:15;2021-04-12 09:00:49;81%;89%;;0;0;Normal;99.3;;52.0;26914.1;25389.0;1525.1;2021-04-12 09:00:00;2021-04-12 09:00:00;true;1251.0;32.0;No weather;
2021-04-13 01:14:12;2021-04-13 08:40:30;85%;91%;;0;0;Normal;100.3;;38.3;26777.8;23653.7;1695.9;2021-04-13 08:40:00;2021-04-13 08:40:00;true;1503.0;32.0;No weather;
2021-04-14 01:17:29;2021-04-14 08:40:30;81%;94%;;0;0;Normal;100.7;;49.6;26581.0;23214.0;531.6;2021-04-14 08:40:00;2021-04-14 08:40:00;true;919.0;32.0;No weather;
2021-04-15 01:11:00;2021-04-15 08:42:58;80%;98%;;0;0;Normal;99.9;;55.7;27118.1;23321.6;2350.2;2021-04-15 08:40:00;2021-04-15 08:40:00;true;1873.0;32.0;No weather;
2021-04-16 00:40:44;2021-04-16 07:45:35;83%;95%;;0;0;Normal;99.5;;32.4;25491.0;20902.6;1614.4;2021-04-16 07:45:00;2021-04-16 07:45:00;true;1584.0;32.0;No weather;
2021-04-17 00:03:22;2021-04-17 08:02:19;74%;93%;;0;0;Normal;100.2;;87.4;28736.6;24521.9;2777.9;2021-04-17 08:10:00;2021-04-17 08:10:00;true;1071.0;32.0;No weather;
2021-04-18 23:46:25;2021-04-19 07:40:57;73%;94%;;0;0;Normal;100.8;;88.4;28472.1;22492.9;4270.8;2021-04-19 07:40:00;2021-04-19 07:40:00;true;2712.0;32.0;No weather;
2021-04-21 00:02:44;2021-04-21 08:10:50;66%;94%;;0;0;Normal;100.8;;112.5;29286.0;27724.1;1561.9;2021-04-21 08:10:00;2021-04-21 08:10:00;true;333.0;32.0;No weather;
2021-04-22 00:13:11;2021-04-22 08:18:54;71%;96%;;0;0;Normal;100.6;;96.7;29142.7;27102.7;582.9;2021-04-22 08:15:00;2021-04-22 08:15:00;true;773.0;32.0;No weather;
2021-04-23 00:04:32;2021-04-23 08:15:47;74%;98%;;0;0;Normal;101.1;;92.3;29474.7;24365.8;2751.0;2021-04-23 08:15:00;2021-04-23 08:15:00;true;1116.0;32.0;No weather;
2021-04-24 01:08:02;2021-04-24 09:34:56;71%;92%;;0;0;No alarm;101.2;;105.8;30413.8;27271.0;1622.1;;;true;2268.0;32.0;No weather;
2021-04-25 00:38:55;2021-04-25 08:57:38;71%;90%;;0;0;No alarm;99.9;;102.1;29923.0;25334.8;598.5;;;true;1782.0;32.0;No weather;
2021-04-26 00:24:32;2021-04-26 08:36:09;72%;89%;;0;0;Normal;100.7;;96.9;29496.8;25268.9;2458.1;2021-04-26 08:35:00;2021-04-26 08:35:00;true;831.0;32.0;No weather;
2021-04-26 23:36:32;2021-04-27 07:43:11;70%;91%;;0;0;Normal;101.5;;100.5;29198.8;24137.7;3698.5;2021-04-27 07:45:00;2021-04-27 07:45:00;true;1140.0;32.0;No weather;
2021-04-27 23:16:03;2021-04-28 07:00:34;59%;91%;;0;0;Normal;101.0;;124.4;27870.7;25269.4;1950.9;2021-04-28 07:00:00;2021-04-28 07:00:00;true;439.0;32.0;No weather;
2021-04-28 23:06:56;2021-04-29 07:11:04;64%;91%;;0;0;Normal;100.7;;117.5;29047.9;25755.8;2614.3;2021-04-29 07:05:00;2021-04-29 07:05:00;true;5022.1;32.0;No weather;
2021-04-29 23:45:06;2021-04-30 08:00:34;71%;92%;;0;0;Normal;99.3;;101.8;29727.9;25566.0;2774.6;2021-04-30 08:30:00;2021-04-30 08:30:00;true;2402.3;32.0;No weather;
2021-05-01 00:55:37;2021-05-01 09:31:03;76%;88%;;0;0;No alarm;100.4;;97.4;30925.2;28038.9;618.5;;;true;3834.3;32.0;No weather;
2021-05-02 01:32:29;2021-05-02 10:16:27;80%;85%;;0;0;No alarm;100.7;;90.8;31437.8;29761.1;1676.7;;;true;4484.6;32.0;No weather;
2021-05-02 23:02:02;2021-05-03 07:05:23;63%;73%;;0;0;Normal;100.6;;121.0;29001.0;24844.2;4156.8;2021-05-03 07:05:00;2021-05-03 07:05:00;true;1758.1;32.0;No weather;
2021-05-04 00:17:55;2021-05-04 08:31:05;84%;73%;;0;0;Normal;100.3;;16006.1;29589.7;26310.0;720.0;2021-05-04 08:30:00;2021-05-04 08:30:00;true;2299.5;32.0;No weather;
2021-05-05 00:28:34;2021-05-05 08:41:29;84%;76%;;0;0;Normal;100.5;;16190.9;29575.3;25170.0;1200.0;2021-05-05 08:40:00;2021-05-05 08:40:00;true;2171.3;32.0;No weather;
2021-05-05 23:51:10;2021-05-06 08:30:32;88%;89%;;0;0;Normal;100.8;;15463.2;31162.0;27900.0;720.0;2021-05-06 08:30:00;2021-05-06 08:30:00;true;3604.2;32.0;No weather;
2021-05-07 00:47:37;2021-05-07 09:00:22;84%;93%;;0;0;Normal;101.1;;10258.8;29565.2;28230.0;450.0;2021-05-07 09:00:00;2021-05-07 09:00:00;true;1381.2;32.0;No weather;
2021-05-09 01:23:12;2021-05-09 08:50:19;81%;91%;;0;0;No alarm;100.5;;6525.5;26827.0;25230.0;1260.0;;;true;2746.7;32.0;No weather;
2021-05-10 00:07:42;2021-05-10 09:00:33;88%;91%;;0;0;Normal;100.6;;13676.0;31970.6;29640.0;600.0;2021-05-10 09:00:00;2021-05-10 09:00:00;true;2282.8;32.0;No weather;
2021-05-11 00:11:06;2021-05-11 07:51:02;86%;89%;;0;0;Normal;101.3;;14991.7;27595.2;23850.0;1650.0;2021-05-11 07:50:00;2021-05-11 07:50:00;true;1886.4;32.0;No weather;
2021-05-11 23:30:32;2021-05-12 07:40:45;84%;90%;;0;0;Normal;101.6;;18390.8;29412.3;24150.0;180.0;2021-05-12 07:40:00;2021-05-12 07:40:00;true;1614.1;32.0;No weather;
2021-05-13 00:35:39;2021-05-13 08:45:54;84%;88%;;0;0;Normal;101.9;;14739.9;29414.5;26760.0;1020.0;2021-05-13 08:45:00;2021-05-13 08:45:00;true;2427.5;32.0;No weather;
2021-05-14 00:33:56;2021-05-14 08:43:11;84%;91%;;0;0;Normal;102.0;;14863.6;29355.4;24240.0;2490.0;2021-05-14 08:45:00;2021-05-14 08:45:00;true;2467.2;32.0;No weather;
2021-05-15 00:57:49;2021-05-15 10:33:27;94%;88%;;0;1376;No alarm;101.9;Woodbridge;94.8;34538.3;29242.5;2763.1;;;true;1688.9;49.8;Sunny;Good day:Sleep drug:Worked out
2021-05-16 01:40:04;2021-05-16 10:20:06;90%;91%;;0;2058;No alarm;102.0;Woodbridge;105.4;31202.1;27977.8;624.0;;;true;2697.4;52.2;Partly cloudy;Party/Social Event:Worked out
2021-05-17 00:44:19;2021-05-17 08:45:41;84%;84%;;0;1248;Normal;102.1;Woodbridge;121.7;28881.3;23971.5;4909.8;2021-05-17 08:45:00;2021-05-17 08:45:00;true;1126.6;58.8;Sunny;
2021-05-18 00:46:13;2021-05-18 08:51:47;84%;90%;;0;1537;Normal;102.2;Woodbridge;102.0;29134.1;26414.9;2719.2;2021-05-18 08:45:00;2021-05-18 08:45:00;true;3142.8;61.2;Sunny;Worked out
2021-05-19 00:53:05;2021-05-19 07:52:09;73%;90%;;0;1856;Normal;102.1;Woodbridge;102.6;25143.5;20952.9;2514.3;2021-05-19 08:10:00;2021-05-19 08:10:00;true;4283.4;59.7;Sunny;Worked out
2021-05-20 00:18:55;2021-05-20 08:41:07;87%;93%;;0;909;Normal;102.4;Woodbridge;74.4;30131.3;24506.8;1807.9;2021-05-20 08:40:00;2021-05-20 08:40:00;true;5616.7;63.3;Partly cloudy;Alcohol:Sleep drug:Worked out
2021-05-21 01:15:09;2021-05-21 09:05:17;82%;89%;;0;1332;Normal;103.0;Woodbridge;87.2;28207.8;24446.8;2444.7;2021-05-21 09:00:00;2021-05-21 09:00:00;true;1398.4;61.2;Sunny;Alcohol:Sleep drug:Worked out
2021-05-22 01:06:17;2021-05-22 10:07:22;94%;89%;;0;1940;No alarm;102.3;Woodbridge;93.4;32464.4;28785.1;2380.7;;;true;6478.6;68.0;Cloudy;Alcohol:Worked out
2021-05-23 01:32:15;2021-05-23 09:27:00;83%;90%;;0;1202;No alarm;101.3;Woodbridge;78.2;28484.5;24306.8;3608.0;;;true;824.8;69.3;Cloudy;Worked out
2021-05-24 00:28:01;2021-05-24 08:45:48;87%;89%;;0;3925;Normal;101.6;Woodbridge;73.2;29867.3;25287.6;3285.4;2021-05-24 08:40:00;2021-05-24 08:40:00;true;2612.9;61.9;Partly cloudy;Alcohol:Worked out
2021-05-25 00:06:26;2021-05-25 07:00:44;72%;86%;;0;2543;Normal;102.3;Woodbridge;42.8;24858.4;22289.7;2568.7;2021-05-25 07:00:00;2021-05-25 07:00:00;true;2571.4;57.6;Cloudy;Sleep drug:Worked out
2021-05-26 00:07:35;2021-05-26 08:03:48;83%;86%;;0;6841;Normal;101.7;Woodbridge;61.0;28573.3;25049.3;2381.1;2021-05-26 08:10:00;2021-05-26 08:10:00;true;2729.4;66.2;Fair;Tired:Worked out
2021-05-27 00:26:45;2021-05-27 07:41:01;76%;89%;;0;1107;Normal;100.9;Woodbridge;78.9;26055.6;22581.5;1650.2;2021-05-27 07:40:00;2021-05-27 07:40:00;true;916.8;66.2;Fair;Sleep drug:Worked out
2021-05-28 00:58:36;2021-05-28 07:40:29;70%;94%;;0;1120;Normal;101.4;Woodbridge;85.6;24113.2;22505.7;1607.5;2021-05-28 07:40:00;2021-05-28 07:40:00;true;1967.7;59.2;Fair;Alcohol:Worked out